sku,store_view_code,attribute_set_code,product_type,categories,product_websites,category_code,color_code,size_code,season_code,gender_code,description_code,test,name,description,short_description,weight,product_online,tax_class_name,visibility,price,special_price,special_price_from_date,special_price_to_date,url_key,meta_title,meta_keywords,meta_description,base_image,base_image_label,small_image,small_image_label,thumbnail_image,thumbnail_image_label,swatch_image,swatch_image_label,created_at,updated_at,new_from_date,new_to_date,display_product_options_in,map_price,msrp_price,map_enabled,gift_message_available,custom_design,custom_design_from,custom_design_to,custom_layout_update,page_layout,product_options_container,msrp_display_actual_price_type,country_of_manufacture,qty_code,additional_attributes,qty,out_of_stock_qty,use_config_min_qty,is_qty_decimal,allow_backorders,use_config_backorders,min_cart_qty,use_config_min_sale_qty,max_cart_qty,use_config_max_sale_qty,is_in_stock,notify_on_stock_below,use_config_notify_stock_qty,manage_stock,use_config_manage_stock,use_config_qty_increments,qty_increments,use_config_enable_qty_inc,enable_qty_increments,is_decimal_divided,website_id,related_skus,related_position,crosssell_skus,crosssell_position,upsell_skus,upsell_position,additional_images,additional_image_labels,hide_from_product_page,custom_options,bundle_price_type,bundle_sku_type,bundle_price_view,bundle_weight_type,bundle_values,bundle_shipment_type,associated_skus
111,,Default,simple,"Default Category/Gear,Default Category/Gear/Fitness Equipment",base,Jakker,Red,S,PS17,Dame,"Clarins - BB Cream SPF25 er cremen, der giver en mere ensartet hud samtidig med at rev",yolotest,Tenson Lorence ,"Clarins - BB Cream SPF25 er cremen, der giver en mere ensartet hud samtidig med at rev","Clarins - BB Cream SPF25 er cremen, der giver en mere ensartet hud samtidig med at rev",1,1,Taxable Goods,"Catalog, Search",95,,,,1,Meta Title,"meta1, meta2, meta4",meta description,,,,,,,,,"5/28/17, 1:20 PM","5/28/17, 1:20 PM",,,Block after Info Column,,,,,,,,,,,Use config,,5,,100,0,1,0,0,1,1,0,0,1,1,,1,0,1,1,0,1,0,0,0,112,,112,,112,,,,,,,,,,,,
112,,Default,simple,"Default Category/Gear,Default Category/Gear/Fitness Equipment",base,Bukser,Red,L,PS17,Mand,LOral - Glam Nude BB Cream Fugtgivende hu,yolotest,Nike Sportswear Varsity Jacket,LOral - Glam Nude BB Cream Fugtgivende hu,LOral - Glam Nude BB Cream Fugtgivende hu,1,1,Taxable Goods,"Catalog, Search",125,,,,2,Meta Title,"meta1, meta2, meta5",meta description,,,,,,,,,"5/28/17, 1:20 PM","5/28/17, 1:20 PM",,,Block after Info Column,,,,,,,,,,,Use config,,8,,100,0,1,0,0,1,1,0,0,1,1,,1,0,1,1,0,1,0,0,0,111,,111,,111,,,,,,,,,,,,
113,,Default,simple,"Default Category/Gear,Default Category/Gear/Fitness Equipment",base,Bluser,Red,M,PS17,Dame,hej,yolotest,Hummel Sylvester Softshell Jacket,hej,hej,1,1,Taxable Goods,"Catalog, Search",125,,,,3,Meta Title,"meta1, meta2, meta5",meta description,,,,,,,,,"5/28/17, 1:20 PM","5/28/17, 1:20 PM",,,Block after Info Column,,,,,,,,,,,Use config,,2,,100,0,1,0,0,1,1,0,0,1,1,,1,0,1,1,0,1,0,0,0,111,,111,,111,,,,,,,,,,,,
114,,Default,simple,"Default Category/Gear,Default Category/Gear/Fitness Equipment",base,Kjoler,Blue,S,PS17,Dame,Mangler du en smart og funktion,yolotest,Hummel Mina Softshell Jacket,Mangler du en smart og funktion,Mangler du en smart og funktion,1,1,Taxable Goods,"Catalog, Search",125,,,,4,Meta Title,"meta1, meta2, meta5",meta description,,,,,,,,,"5/28/17, 1:20 PM","5/28/17, 1:20 PM",,,Block after Info Column,,,,,,,,,,,Use config,,7,,100,0,1,0,0,1,1,0,0,1,1,,1,0,1,1,0,1,0,0,0,111,,111,,111,,,,,,,,,,,,
115,,Default,simple,"Default Category/Gear,Default Category/Gear/Fitness Equipment",base,Shorts,Gul,XL,PS17,Mand, du kldt p til sommeren? bliv det ,yolotest,Nike Sportswear Advance 15 Jacket, du kldt p til sommeren? bliv det , du kldt p til sommeren? bliv det ,1,1,Taxable Goods,"Catalog, Search",95,,,,5,Meta Title,"meta1, meta2, meta5",meta description,,,,,,,,,"5/28/17, 1:20 PM","5/28/17, 1:20 PM",,,Block after Info Column,,,,,,,,,,,Use config,,11,,100,0,1,0,0,1,1,0,0,1,1,,1,0,1,1,0,1,0,0,0,111,,111,,111,,,,,,,,,,,,
116,,Default,simple,"Default Category/Gear,Default Category/Gear/Fitness Equipment",base,Shorts,Sort,S,PS17,Dame,Highland Park Highland Park Distillery blev grun,yolotest,Tenson Northpole Jacket,Highland Park Highland Park Distillery blev grun,Highland Park Highland Park Distillery blev grun,1,1,Taxable Goods,"Catalog, Search",79,,,,6,Meta Title,"meta1, meta2, meta5",meta description,,,,,,,,,"5/28/17, 1:20 PM","5/28/17, 1:20 PM",,,Block after Info Column,,,,,,,,,,,Use config,,15,,100,0,1,0,0,1,1,0,0,1,1,,1,0,1,1,0,1,0,0,0,111,,111,,111,,,,,,,,,,,,
117,,Default,simple,"Default Category/Gear,Default Category/Gear/Fitness Equipment",base,Kjoler,Red,L,PS17,Mand,LOral - Glam Nude BB Cream Fugtgivende hu,yolotest,Nike Sportswear Varsity Jacket,LOral - Glam Nude BB Cream Fugtgivende hu,LOral - Glam Nude BB Cream Fugtgivende hu,1,1,Taxable Goods,"Catalog, Search",130,,,,7,Meta Title,"meta1, meta2, meta5",meta description,,,,,,,,,"5/28/17, 1:20 PM","5/28/17, 1:20 PM",,,Block after Info Column,,,,,,,,,,,Use config,,1,,100,0,1,0,0,1,1,0,0,1,1,,1,0,1,1,0,1,0,0,0,111,,111,,111,,,,,,,,,,,,
118,,Default,simple,"Default Category/Gear,Default Category/Gear/Fitness Equipment",base,Jakker,Red,XL,PS17,Mand,hej,yolotest,Hummel Sylvester Softshell Jacket,hej,hej,1,1,Taxable Goods,"Catalog, Search",15,,,,8,Meta Title,"meta1, meta2, meta5",meta description,,,,,,,,,"5/28/17, 1:20 PM","5/28/17, 1:20 PM",,,Block after Info Column,,,,,,,,,,,Use config,,3,,100,0,1,0,0,1,1,0,0,1,1,,1,0,1,1,0,1,0,0,0,111,,111,,111,,,,,,,,,,,,
119,,Default,simple,"Default Category/Gear,Default Category/Gear/Fitness Equipment",base,Bluser,Blue,M,PS17,Dame,Mangler du en smart og funktion,yolotest,Hummel Mina Softshell Jacket,Mangler du en smart og funktion,Mangler du en smart og funktion,1,1,Taxable Goods,"Catalog, Search",58,,,,9,Meta Title,"meta1, meta2, meta5",meta description,,,,,,,,,"5/28/17, 1:20 PM","5/28/17, 1:20 PM",,,Block after Info Column,,,,,,,,,,,Use config,,7,,100,0,1,0,0,1,1,0,0,1,1,,1,0,1,1,0,1,0,0,0,111,,111,,111,,,,,,,,,,,,
120,,Default,simple,"Default Category/Gear,Default Category/Gear/Fitness Equipment",base,T-shirts,Gul,L,PS17,Dame, du kldt p til sommeren? bliv det ,yolotest,Nike Sportswear Advance 15 Jacket, du kldt p til sommeren? bliv det , du kldt p til sommeren? bliv det ,1,1,Taxable Goods,"Catalog, Search",60,,,,10,Meta Title,"meta1, meta2, meta5",meta description,,,,,,,,,"5/28/17, 1:20 PM","5/28/17, 1:20 PM",,,Block after Info Column,,,,,,,,,,,Use config,,9,,100,0,1,0,0,1,1,0,0,1,1,,1,0,1,1,0,1,0,0,0,111,,111,,111,,,,,,,,,,,,
121,,Default,simple,"Default Category/Gear,Default Category/Gear/Fitness Equipment",base,T-shirts,Sort,M,PS17,Mand,Highland Park Highland Park Distillery blev grun,yolotest,Tenson Northpole Jacket,Highland Park Highland Park Distillery blev grun,Highland Park Highland Park Distillery blev grun,1,1,Taxable Goods,"Catalog, Search",95,,,,11,Meta Title,"meta1, meta2, meta5",meta description,,,,,,,,,"5/28/17, 1:20 PM","5/28/17, 1:20 PM",,,Block after Info Column,,,,,,,,,,,Use config,,4,,100,0,1,0,0,1,1,0,0,1,1,,1,0,1,1,0,1,0,0,0,111,,111,,111,,,,,,,,,,,,
122,,Default,simple,"Default Category/Gear,Default Category/Gear/Fitness Equipment",base,Badetooj,Red,S,PS17,Dame,LOral - Glam Nude BB Cream Fugtgivende hu,yolotest,Nike Sportswear Varsity Jacket,LOral - Glam Nude BB Cream Fugtgivende hu,LOral - Glam Nude BB Cream Fugtgivende hu,1,1,Taxable Goods,"Catalog, Search",100,,,,12,Meta Title,"meta1, meta2, meta5",meta description,,,,,,,,,"5/28/17, 1:20 PM","5/28/17, 1:20 PM",,,Block after Info Column,,,,,,,,,,,Use config,,3,,100,0,1,0,0,1,1,0,0,1,1,,1,0,1,1,0,1,0,0,0,111,,111,,111,,,,,,,,,,,,
123,,Default,simple,"Default Category/Gear,Default Category/Gear/Fitness Equipment",base,Bluser,Red,M,PS17,Mand,hej,yolotest,Hummel Sylvester Softshell Jacket,hej,hej,1,1,Taxable Goods,"Catalog, Search",50,,,,13,Meta Title,"meta1, meta2, meta5",meta description,,,,,,,,,"5/28/17, 1:20 PM","5/28/17, 1:20 PM",,,Block after Info Column,,,,,,,,,,,Use config,,2,,100,0,1,0,0,1,1,0,0,1,1,,1,0,1,1,0,1,0,0,0,111,,111,,111,,,,,,,,,,,,
124,,Default,simple,"Default Category/Gear,Default Category/Gear/Fitness Equipment",base,Bukser,Blue,M,PS17,Mand,Mangler du en smart og funktion,yolotest,Hummel Mina Softshell Jacket,Mangler du en smart og funktion,Mangler du en smart og funktion,1,1,Taxable Goods,"Catalog, Search",75,,,,14,Meta Title,"meta1, meta2, meta5",meta description,,,,,,,,,"5/28/17, 1:20 PM","5/28/17, 1:20 PM",,,Block after Info Column,,,,,,,,,,,Use config,,56,,100,0,1,0,0,1,1,0,0,1,1,,1,0,1,1,0,1,0,0,0,111,,111,,111,,,,,,,,,,,,
125,,Default,simple,"Default Category/Gear,Default Category/Gear/Fitness Equipment",base,Bukser,Gul,L,PS17,Mand, du kldt p til sommeren? bliv det ,yolotest,Nike Sportswear Advance 15 Jacket, du kldt p til sommeren? bliv det , du kldt p til sommeren? bliv det ,1,1,Taxable Goods,"Catalog, Search",75,,,,15,Meta Title,"meta1, meta2, meta5",meta description,,,,,,,,,"5/28/17, 1:20 PM","5/28/17, 1:20 PM",,,Block after Info Column,,,,,,,,,,,Use config,,4,,100,0,1,0,0,1,1,0,0,1,1,,1,0,1,1,0,1,0,0,0,111,,111,,111,,,,,,,,,,,,
126,,Default,simple,"Default Category/Gear,Default Category/Gear/Fitness Equipment",base,Bluser,Sort,M,PS17,Mand,Highland Park Highland Park Distillery blev grun,yolotest,Tenson Northpole Jacket,Highland Park Highland Park Distillery blev grun,Highland Park Highland Park Distillery blev grun,1,1,Taxable Goods,"Catalog, Search",75,,,,16,Meta Title,"meta1, meta2, meta5",meta description,,,,,,,,,"5/28/17, 1:20 PM","5/28/17, 1:20 PM",,,Block after Info Column,,,,,,,,,,,Use config,,8,,100,0,1,0,0,1,1,0,0,1,1,,1,0,1,1,0,1,0,0,0,111,,111,,111,,,,,,,,,,,,
127,,Default,simple,"Default Category/Gear,Default Category/Gear/Fitness Equipment",base,T-shirts,Red,S,PS17,Dame,LOral - Glam Nude BB Cream Fugtgivende hu,yolotest,Nike Sportswear Varsity Jacket,LOral - Glam Nude BB Cream Fugtgivende hu,LOral - Glam Nude BB Cream Fugtgivende hu,1,1,Taxable Goods,"Catalog, Search",100,,,,17,Meta Title,"meta1, meta2, meta5",meta description,,,,,,,,,"5/28/17, 1:20 PM","5/28/17, 1:20 PM",,,Block after Info Column,,,,,,,,,,,Use config,,9,,100,0,1,0,0,1,1,0,0,1,1,,1,0,1,1,0,1,0,0,0,111,,111,,111,,,,,,,,,,,,
128,,Default,simple,"Default Category/Gear,Default Category/Gear/Fitness Equipment",base,Jakker,Red,M,PS17,Dame,hej,yolotest,Hummel Sylvester Softshell Jacket,hej,hej,1,1,Taxable Goods,"Catalog, Search",50,,,,18,Meta Title,"meta1, meta2, meta5",meta description,,,,,,,,,"5/28/17, 1:20 PM","5/28/17, 1:20 PM",,,Block after Info Column,,,,,,,,,,,Use config,,7,,100,0,1,0,0,1,1,0,0,1,1,,1,0,1,1,0,1,0,0,0,111,,111,,111,,,,,,,,,,,,
129,,Default,simple,"Default Category/Gear,Default Category/Gear/Fitness Equipment",base,Jakker,Blue,XL,PS17,Mand,Mangler du en smart og funktion,yolotest,Hummel Mina Softshell Jacket,Mangler du en smart og funktion,Mangler du en smart og funktion,1,1,Taxable Goods,"Catalog, Search",150,,,,19,Meta Title,"meta1, meta2, meta5",meta description,,,,,,,,,"5/28/17, 1:20 PM","5/28/17, 1:20 PM",,,Block after Info Column,,,,,,,,,,,Use config,,8,,100,0,1,0,0,1,1,0,0,1,1,,1,0,1,1,0,1,0,0,0,111,,111,,111,,,,,,,,,,,,
130,,Default,simple,"Default Category/Gear,Default Category/Gear/Fitness Equipment",base,Jakker,Gul,S,PS17,Dame, du kldt p til sommeren? bliv det ,yolotest,Nike Sportswear Advance 15 Jacket, du kldt p til sommeren? bliv det , du kldt p til sommeren? bliv det ,1,1,Taxable Goods,"Catalog, Search",200,,,,20,Meta Title,"meta1, meta2, meta5",meta description,,,,,,,,,"5/28/17, 1:20 PM","5/28/17, 1:20 PM",,,Block after Info Column,,,,,,,,,,,Use config,,2,,100,0,1,0,0,1,1,0,0,1,1,,1,0,1,1,0,1,0,0,0,111,,111,,111,,,,,,,,,,,,
131,,Default,simple,"Default Category/Gear,Default Category/Gear/Fitness Equipment",base,Bukser,Sort,S,PS17,Dame,Highland Park Highland Park Distillery blev grun,yolotest,Tenson Northpole Jacket,Highland Park Highland Park Distillery blev grun,Highland Park Highland Park Distillery blev grun,1,1,Taxable Goods,"Catalog, Search",70,,,,21,Meta Title,"meta1, meta2, meta5",meta description,,,,,,,,,"5/28/17, 1:20 PM","5/28/17, 1:20 PM",,,Block after Info Column,,,,,,,,,,,Use config,,1,,100,0,1,0,0,1,1,0,0,1,1,,1,0,1,1,0,1,0,0,0,111,,111,,111,,,,,,,,,,,,
132,,Default,simple,"Default Category/Gear,Default Category/Gear/Fitness Equipment",base,Bluser,Red,L,PS17,Mand,LOral - Glam Nude BB Cream Fugtgivende hu,yolotest,Nike Sportswear Varsity Jacket,LOral - Glam Nude BB Cream Fugtgivende hu,LOral - Glam Nude BB Cream Fugtgivende hu,1,1,Taxable Goods,"Catalog, Search",70,,,,22,Meta Title,"meta1, meta2, meta5",meta description,,,,,,,,,"5/28/17, 1:20 PM","5/28/17, 1:20 PM",,,Block after Info Column,,,,,,,,,,,Use config,,11,,100,0,1,0,0,1,1,0,0,1,1,,1,0,1,1,0,1,0,0,0,111,,111,,111,,,,,,,,,,,,
133,,Default,simple,"Default Category/Gear,Default Category/Gear/Fitness Equipment",base,Kjoler,Red,XS,PS17,Dame,hej,yolotest,Hummel Sylvester Softshell Jacket,hej,hej,1,1,Taxable Goods,"Catalog, Search",70,,,,23,Meta Title,"meta1, meta2, meta5",meta description,,,,,,,,,"5/28/17, 1:20 PM","5/28/17, 1:20 PM",,,Block after Info Column,,,,,,,,,,,Use config,,1,,100,0,1,0,0,1,1,0,0,1,1,,1,0,1,1,0,1,0,0,0,111,,111,,111,,,,,,,,,,,,
134,,Default,simple,"Default Category/Gear,Default Category/Gear/Fitness Equipment",base,Shorts,Blue,XS,PS17,Dame,Mangler du en smart og funktion,yolotest,Hummel Mina Softshell Jacket,Mangler du en smart og funktion,Mangler du en smart og funktion,1,1,Taxable Goods,"Catalog, Search",69,,,,24,Meta Title,"meta1, meta2, meta5",meta description,,,,,,,,,"5/28/17, 1:20 PM","5/28/17, 1:20 PM",,,Block after Info Column,,,,,,,,,,,Use config,,3,,100,0,1,0,0,1,1,0,0,1,1,,1,0,1,1,0,1,0,0,0,111,,111,,111,,,,,,,,,,,,
135,,Default,simple,"Default Category/Gear,Default Category/Gear/Fitness Equipment",base,Shorts,Gul,L,PS17,Mand, du kldt p til sommeren? bliv det ,yolotest,Nike Sportswear Advance 15 Jacket, du kldt p til sommeren? bliv det , du kldt p til sommeren? bliv det ,1,1,Taxable Goods,"Catalog, Search",30,,,,25,Meta Title,"meta1, meta2, meta5",meta description,,,,,,,,,"5/28/17, 1:20 PM","5/28/17, 1:20 PM",,,Block after Info Column,,,,,,,,,,,Use config,,6,,100,0,1,0,0,1,1,0,0,1,1,,1,0,1,1,0,1,0,0,0,111,,111,,111,,,,,,,,,,,,
136,,Default,simple,"Default Category/Gear,Default Category/Gear/Fitness Equipment",base,Kjoler,Sort,S,PS17,Dame,Highland Park Highland Park Distillery blev grun,yolotest,Tenson Northpole Jacket,Highland Park Highland Park Distillery blev grun,Highland Park Highland Park Distillery blev grun,1,1,Taxable Goods,"Catalog, Search",30,,,,26,Meta Title,"meta1, meta2, meta5",meta description,,,,,,,,,"5/28/17, 1:20 PM","5/28/17, 1:20 PM",,,Block after Info Column,,,,,,,,,,,Use config,,9,,100,0,1,0,0,1,1,0,0,1,1,,1,0,1,1,0,1,0,0,0,111,,111,,111,,,,,,,,,,,,
137,,Default,simple,"Default Category/Gear,Default Category/Gear/Fitness Equipment",base,Jakker,Red,S,PS17,Dame,LOral - Glam Nude BB Cream Fugtgivende hu,yolotest,Nike Sportswear Varsity Jacket,LOral - Glam Nude BB Cream Fugtgivende hu,LOral - Glam Nude BB Cream Fugtgivende hu,1,1,Taxable Goods,"Catalog, Search",95,,,,27,Meta Title,"meta1, meta2, meta5",meta description,,,,,,,,,"5/28/17, 1:20 PM","5/28/17, 1:20 PM",,,Block after Info Column,,,,,,,,,,,Use config,,4,,100,0,1,0,0,1,1,0,0,1,1,,1,0,1,1,0,1,0,0,0,111,,111,,111,,,,,,,,,,,,
138,,Default,simple,"Default Category/Gear,Default Category/Gear/Fitness Equipment",base,Bluser,Red,L,PS17,Mand,hej,yolotest,Hummel Sylvester Softshell Jacket,hej,hej,1,1,Taxable Goods,"Catalog, Search",125,,,,28,Meta Title,"meta1, meta2, meta5",meta description,,,,,,,,,"5/28/17, 1:20 PM","5/28/17, 1:20 PM",,,Block after Info Column,,,,,,,,,,,Use config,,5,,100,0,1,0,0,1,1,0,0,1,1,,1,0,1,1,0,1,0,0,0,111,,111,,111,,,,,,,,,,,,
139,,Default,simple,"Default Category/Gear,Default Category/Gear/Fitness Equipment",base,T-shirts,Blue,S,PS17,Dame,Mangler du en smart og funktion,yolotest,Hummel Mina Softshell Jacket,Mangler du en smart og funktion,Mangler du en smart og funktion,1,1,Taxable Goods,"Catalog, Search",125,,,,29,Meta Title,"meta1, meta2, meta5",meta description,,,,,,,,,"5/28/17, 1:20 PM","5/28/17, 1:20 PM",,,Block after Info Column,,,,,,,,,,,Use config,,5,,100,0,1,0,0,1,1,0,0,1,1,,1,0,1,1,0,1,0,0,0,111,,111,,111,,,,,,,,,,,,
140,,Default,simple,"Default Category/Gear,Default Category/Gear/Fitness Equipment",base,T-shirts,Gul,M,PS17,Mand, du kldt p til sommeren? bliv det ,yolotest,Nike Sportswear Advance 15 Jacket, du kldt p til sommeren? bliv det , du kldt p til sommeren? bliv det ,1,1,Taxable Goods,"Catalog, Search",125,,,,30,Meta Title,"meta1, meta2, meta5",meta description,,,,,,,,,"5/28/17, 1:20 PM","5/28/17, 1:20 PM",,,Block after Info Column,,,,,,,,,,,Use config,,8,,100,0,1,0,0,1,1,0,0,1,1,,1,0,1,1,0,1,0,0,0,111,,111,,111,,,,,,,,,,,,
141,,Default,simple,"Default Category/Gear,Default Category/Gear/Fitness Equipment",base,Badetooj,Sort,M,PS17,Mand,Highland Park Highland Park Distillery blev grun,yolotest,Tenson Northpole Jacket,Highland Park Highland Park Distillery blev grun,Highland Park Highland Park Distillery blev grun,1,1,Taxable Goods,"Catalog, Search",95,,,,31,Meta Title,"meta1, meta2, meta5",meta description,,,,,,,,,"5/28/17, 1:20 PM","5/28/17, 1:20 PM",,,Block after Info Column,,,,,,,,,,,Use config,,2,,100,0,1,0,0,1,1,0,0,1,1,,1,0,1,1,0,1,0,0,0,111,,111,,111,,,,,,,,,,,,
142,,Default,simple,"Default Category/Gear,Default Category/Gear/Fitness Equipment",base,Bluser,Red,M,PS17,Dame,LOral - Glam Nude BB Cream Fugtgivende hu,yolotest,Nike Sportswear Varsity Jacket,LOral - Glam Nude BB Cream Fugtgivende hu,LOral - Glam Nude BB Cream Fugtgivende hu,1,1,Taxable Goods,"Catalog, Search",79,,,,32,Meta Title,"meta1, meta2, meta5",meta description,,,,,,,,,"5/28/17, 1:20 PM","5/28/17, 1:20 PM",,,Block after Info Column,,,,,,,,,,,Use config,,7,,100,0,1,0,0,1,1,0,0,1,1,,1,0,1,1,0,1,0,0,0,111,,111,,111,,,,,,,,,,,,
143,,Default,simple,"Default Category/Gear,Default Category/Gear/Fitness Equipment",base,Bukser,Red,M,PS17,Dame,hej,yolotest,Hummel Sylvester Softshell Jacket,hej,hej,1,1,Taxable Goods,"Catalog, Search",130,,,,33,Meta Title,"meta1, meta2, meta5",meta description,,,,,,,,,"5/28/17, 1:20 PM","5/28/17, 1:20 PM",,,Block after Info Column,,,,,,,,,,,Use config,,11,,100,0,1,0,0,1,1,0,0,1,1,,1,0,1,1,0,1,0,0,0,111,,111,,111,,,,,,,,,,,,
144,,Default,simple,"Default Category/Gear,Default Category/Gear/Fitness Equipment",base,Bukser,Blue,XL,PS17,Mand,Mangler du en smart og funktion,yolotest,Hummel Mina Softshell Jacket,Mangler du en smart og funktion,Mangler du en smart og funktion,1,1,Taxable Goods,"Catalog, Search",15,,,,34,Meta Title,"meta1, meta2, meta5",meta description,,,,,,,,,"5/28/17, 1:20 PM","5/28/17, 1:20 PM",,,Block after Info Column,,,,,,,,,,,Use config,,15,,100,0,1,0,0,1,1,0,0,1,1,,1,0,1,1,0,1,0,0,0,111,,111,,111,,,,,,,,,,,,
145,,Default,simple,"Default Category/Gear,Default Category/Gear/Fitness Equipment",base,Bluser,Gul,S,PS17,Dame, du kldt p til sommeren? bliv det ,yolotest,Nike Sportswear Advance 15 Jacket, du kldt p til sommeren? bliv det , du kldt p til sommeren? bliv det ,1,1,Taxable Goods,"Catalog, Search",58,,,,35,Meta Title,"meta1, meta2, meta5",meta description,,,,,,,,,"5/28/17, 1:20 PM","5/28/17, 1:20 PM",,,Block after Info Column,,,,,,,,,,,Use config,,1,,100,0,1,0,0,1,1,0,0,1,1,,1,0,1,1,0,1,0,0,0,111,,111,,111,,,,,,,,,,,,
146,,Default,simple,"Default Category/Gear,Default Category/Gear/Fitness Equipment",base,T-shirts,Sort,L,PS17,Mand,Highland Park Highland Park Distillery blev grun,yolotest,Tenson Northpole Jacket,Highland Park Highland Park Distillery blev grun,Highland Park Highland Park Distillery blev grun,1,1,Taxable Goods,"Catalog, Search",60,,,,36,Meta Title,"meta1, meta2, meta5",meta description,,,,,,,,,"5/28/17, 1:20 PM","5/28/17, 1:20 PM",,,Block after Info Column,,,,,,,,,,,Use config,,3,,100,0,1,0,0,1,1,0,0,1,1,,1,0,1,1,0,1,0,0,0,111,,111,,111,,,,,,,,,,,,
147,,Default,simple,"Default Category/Gear,Default Category/Gear/Fitness Equipment",base,Jakker,Red,L,MS17,Mand,LOral - Glam Nude BB Cream Fugtgivende hu,yolotest,Nike Sportswear Varsity Jacket,LOral - Glam Nude BB Cream Fugtgivende hu,LOral - Glam Nude BB Cream Fugtgivende hu,1,1,Taxable Goods,"Catalog, Search",95,,,,37,Meta Title,"meta1, meta2, meta5",meta description,,,,,,,,,"5/28/17, 1:20 PM","5/28/17, 1:20 PM",,,Block after Info Column,,,,,,,,,,,Use config,,7,,100,0,1,0,0,1,1,0,0,1,1,,1,0,1,1,0,1,0,0,0,111,,111,,111,,,,,,,,,,,,
148,,Default,simple,"Default Category/Gear,Default Category/Gear/Fitness Equipment",base,Jakker,Red,L,MS17,Mand,hej,yolotest,Hummel Sylvester Softshell Jacket,hej,hej,1,1,Taxable Goods,"Catalog, Search",100,,,,38,Meta Title,"meta1, meta2, meta5",meta description,,,,,,,,,"5/28/17, 1:20 PM","5/28/17, 1:20 PM",,,Block after Info Column,,,,,,,,,,,Use config,,9,,100,0,1,0,0,1,1,0,0,1,1,,1,0,1,1,0,1,0,0,0,111,,111,,111,,,,,,,,,,,,
149,,Default,simple,"Default Category/Gear,Default Category/Gear/Fitness Equipment",base,T-shirts,Blue,S,MS17,Mand,Mangler du en smart og funktion,yolotest,Hummel Mina Softshell Jacket,Mangler du en smart og funktion,Mangler du en smart og funktion,1,1,Taxable Goods,"Catalog, Search",50,,,,39,Meta Title,"meta1, meta2, meta5",meta description,,,,,,,,,"5/28/17, 1:20 PM","5/28/17, 1:20 PM",,,Block after Info Column,,,,,,,,,,,Use config,,4,,100,0,1,0,0,1,1,0,0,1,1,,1,0,1,1,0,1,0,0,0,111,,111,,111,,,,,,,,,,,,
150,,Default,simple,"Default Category/Gear,Default Category/Gear/Fitness Equipment",base,Badetooj,Gul,M,MS17,Dame, du kldt p til sommeren? bliv det ,yolotest,Nike Sportswear Advance 15 Jacket, du kldt p til sommeren? bliv det , du kldt p til sommeren? bliv det ,1,1,Taxable Goods,"Catalog, Search",75,,,,40,Meta Title,"meta1, meta2, meta5",meta description,,,,,,,,,"5/28/17, 1:20 PM","5/28/17, 1:20 PM",,,Block after Info Column,,,,,,,,,,,Use config,,3,,100,0,1,0,0,1,1,0,0,1,1,,1,0,1,1,0,1,0,0,0,111,,111,,111,,,,,,,,,,,,
151,,Default,simple,"Default Category/Gear,Default Category/Gear/Fitness Equipment",base,Bluser,Sort,M,MS17,Dame,Highland Park Highland Park Distillery blev grun,yolotest,Tenson Northpole Jacket,Highland Park Highland Park Distillery blev grun,Highland Park Highland Park Distillery blev grun,1,1,Taxable Goods,"Catalog, Search",75,,,,41,Meta Title,"meta1, meta2, meta5",meta description,,,,,,,,,"5/28/17, 1:20 PM","5/28/17, 1:20 PM",,,Block after Info Column,,,,,,,,,,,Use config,,2,,100,0,1,0,0,1,1,0,0,1,1,,1,0,1,1,0,1,0,0,0,111,,111,,111,,,,,,,,,,,,
152,,Default,simple,"Default Category/Gear,Default Category/Gear/Fitness Equipment",base,Bukser,Red,L,MS17,Mand,LOral - Glam Nude BB Cream Fugtgivende hu,yolotest,Nike Sportswear Varsity Jacket,LOral - Glam Nude BB Cream Fugtgivende hu,LOral - Glam Nude BB Cream Fugtgivende hu,1,1,Taxable Goods,"Catalog, Search",75,,,,42,Meta Title,"meta1, meta2, meta5",meta description,,,,,,,,,"5/28/17, 1:20 PM","5/28/17, 1:20 PM",,,Block after Info Column,,,,,,,,,,,Use config,,56,,100,0,1,0,0,1,1,0,0,1,1,,1,0,1,1,0,1,0,0,0,111,,111,,111,,,,,,,,,,,,
153,,Default,simple,"Default Category/Gear,Default Category/Gear/Fitness Equipment",base,Bukser,Red,S,MS17,Dame,hej,yolotest,Hummel Sylvester Softshell Jacket,hej,hej,1,1,Taxable Goods,"Catalog, Search",100,,,,43,Meta Title,"meta1, meta2, meta5",meta description,,,,,,,,,"5/28/17, 1:20 PM","5/28/17, 1:20 PM",,,Block after Info Column,,,,,,,,,,,Use config,,4,,100,0,1,0,0,1,1,0,0,1,1,,1,0,1,1,0,1,0,0,0,111,,111,,111,,,,,,,,,,,,
154,,Default,simple,"Default Category/Gear,Default Category/Gear/Fitness Equipment",base,Bluser,Blue,M,MS17,Dame,Mangler du en smart og funktion,yolotest,Hummel Mina Softshell Jacket,Mangler du en smart og funktion,Mangler du en smart og funktion,1,1,Taxable Goods,"Catalog, Search",50,,,,44,Meta Title,"meta1, meta2, meta5",meta description,,,,,,,,,"5/28/17, 1:20 PM","5/28/17, 1:20 PM",,,Block after Info Column,,,,,,,,,,,Use config,,8,,100,0,1,0,0,1,1,0,0,1,1,,1,0,1,1,0,1,0,0,0,111,,111,,111,,,,,,,,,,,,
155,,Default,simple,"Default Category/Gear,Default Category/Gear/Fitness Equipment",base,T-shirts,Gul,L,MS17,Mand, du kldt p til sommeren? bliv det ,yolotest,Nike Sportswear Advance 15 Jacket, du kldt p til sommeren? bliv det , du kldt p til sommeren? bliv det ,1,1,Taxable Goods,"Catalog, Search",150,,,,45,Meta Title,"meta1, meta2, meta5",meta description,,,,,,,,,"5/28/17, 1:20 PM","5/28/17, 1:20 PM",,,Block after Info Column,,,,,,,,,,,Use config,,4,,100,0,1,0,0,1,1,0,0,1,1,,1,0,1,1,0,1,0,0,0,111,,111,,111,,,,,,,,,,,,
156,,Default,simple,"Default Category/Gear,Default Category/Gear/Fitness Equipment",base,Jakker,Sort,S,MS17,Dame,Highland Park Highland Park Distillery blev grun,yolotest,Tenson Northpole Jacket,Highland Park Highland Park Distillery blev grun,Highland Park Highland Park Distillery blev grun,1,1,Taxable Goods,"Catalog, Search",200,,,,46,Meta Title,"meta1, meta2, meta5",meta description,,,,,,,,,"5/28/17, 1:20 PM","5/28/17, 1:20 PM",,,Block after Info Column,,,,,,,,,,,Use config,,11,,100,0,1,0,0,1,1,0,0,1,1,,1,0,1,1,0,1,0,0,0,111,,111,,111,,,,,,,,,,,,
157,,Default,simple,"Default Category/Gear,Default Category/Gear/Fitness Equipment",base,Jakker,Red,L,MS17,Mand,LOral - Glam Nude BB Cream Fugtgivende hu,yolotest,Nike Sportswear Varsity Jacket,LOral - Glam Nude BB Cream Fugtgivende hu,LOral - Glam Nude BB Cream Fugtgivende hu,1,1,Taxable Goods,"Catalog, Search",70,,,,47,Meta Title,"meta1, meta2, meta5",meta description,,,,,,,,,"5/28/17, 1:20 PM","5/28/17, 1:20 PM",,,Block after Info Column,,,,,,,,,,,Use config,,8,,100,0,1,0,0,1,1,0,0,1,1,,1,0,1,1,0,1,0,0,0,111,,111,,111,,,,,,,,,,,,
158,,Default,simple,"Default Category/Gear,Default Category/Gear/Fitness Equipment",base,Jakker,Red,M,MS17,Dame,hej,yolotest,Hummel Sylvester Softshell Jacket,hej,hej,1,1,Taxable Goods,"Catalog, Search",70,,,,48,Meta Title,"meta1, meta2, meta5",meta description,,,,,,,,,"5/28/17, 1:20 PM","5/28/17, 1:20 PM",,,Block after Info Column,,,,,,,,,,,Use config,,2,,100,0,1,0,0,1,1,0,0,1,1,,1,0,1,1,0,1,0,0,0,111,,111,,111,,,,,,,,,,,,
159,,Default,simple,"Default Category/Gear,Default Category/Gear/Fitness Equipment",base,Bukser,Blue,S,HS17,Dame,Mangler du en smart og funktion,yolotest,Hummel Mina Softshell Jacket,Mangler du en smart og funktion,Mangler du en smart og funktion,1,1,Taxable Goods,"Catalog, Search",70,,,,49,Meta Title,"meta1, meta2, meta5",meta description,,,,,,,,,"5/28/17, 1:20 PM","5/28/17, 1:20 PM",,,Block after Info Column,,,,,,,,,,,Use config,,7,,100,0,1,0,0,1,1,0,0,1,1,,1,0,1,1,0,1,0,0,0,111,,111,,111,,,,,,,,,,,,
160,,Default,simple,"Default Category/Gear,Default Category/Gear/Fitness Equipment",base,Bluser,Gul,XL,HS17,Mand, du kldt p til sommeren? bliv det ,yolotest,Nike Sportswear Advance 15 Jacket, du kldt p til sommeren? bliv det , du kldt p til sommeren? bliv det ,1,1,Taxable Goods,"Catalog, Search",69,,,,50,Meta Title,"meta1, meta2, meta5",meta description,,,,,,,,,"5/28/17, 1:20 PM","5/28/17, 1:20 PM",,,Block after Info Column,,,,,,,,,,,Use config,,11,,100,0,1,0,0,1,1,0,0,1,1,,1,0,1,1,0,1,0,0,0,111,,111,,111,,,,,,,,,,,,
161,,Default,simple,"Default Category/Gear,Default Category/Gear/Fitness Equipment",base,Kjoler,Sort,S,HS17,Dame,Highland Park Highland Park Distillery blev grun,yolotest,Tenson Northpole Jacket,Highland Park Highland Park Distillery blev grun,Highland Park Highland Park Distillery blev grun,1,1,Taxable Goods,"Catalog, Search",30,,,,51,Meta Title,"meta1, meta2, meta5",meta description,,,,,,,,,"5/28/17, 1:20 PM","5/28/17, 1:20 PM",,,Block after Info Column,,,,,,,,,,,Use config,,15,,100,0,1,0,0,1,1,0,0,1,1,,1,0,1,1,0,1,0,0,0,111,,111,,111,,,,,,,,,,,,
162,,Default,simple,"Default Category/Gear,Default Category/Gear/Fitness Equipment",base,Shorts,Red,L,HS17,Mand,LOral - Glam Nude BB Cream Fugtgivende hu,yolotest,Nike Sportswear Varsity Jacket,LOral - Glam Nude BB Cream Fugtgivende hu,LOral - Glam Nude BB Cream Fugtgivende hu,1,1,Taxable Goods,"Catalog, Search",30,,,,52,Meta Title,"meta1, meta2, meta5",meta description,,,,,,,,,"5/28/17, 1:20 PM","5/28/17, 1:20 PM",,,Block after Info Column,,,,,,,,,,,Use config,,1,,100,0,1,0,0,1,1,0,0,1,1,,1,0,1,1,0,1,0,0,0,111,,111,,111,,,,,,,,,,,,
163,,Default,simple,"Default Category/Gear,Default Category/Gear/Fitness Equipment",base,Shorts,Red,XL,HS17,Mand,hej,yolotest,Hummel Sylvester Softshell Jacket,hej,hej,1,1,Taxable Goods,"Catalog, Search",100,,,,53,Meta Title,"meta1, meta2, meta5",meta description,,,,,,,,,"5/28/17, 1:20 PM","5/28/17, 1:20 PM",,,Block after Info Column,,,,,,,,,,,Use config,,3,,100,0,1,0,0,1,1,0,0,1,1,,1,0,1,1,0,1,0,0,0,111,,111,,111,,,,,,,,,,,,
164,,Default,simple,"Default Category/Gear,Default Category/Gear/Fitness Equipment",base,Kjoler,Blue,M,HS17,Dame,Mangler du en smart og funktion,yolotest,Hummel Mina Softshell Jacket,Mangler du en smart og funktion,Mangler du en smart og funktion,1,1,Taxable Goods,"Catalog, Search",50,,,,54,Meta Title,"meta1, meta2, meta5",meta description,,,,,,,,,"5/28/17, 1:20 PM","5/28/17, 1:20 PM",,,Block after Info Column,,,,,,,,,,,Use config,,7,,100,0,1,0,0,1,1,0,0,1,1,,1,0,1,1,0,1,0,0,0,111,,111,,111,,,,,,,,,,,,
165,,Default,simple,"Default Category/Gear,Default Category/Gear/Fitness Equipment",base,Jakker,Gul,L,HS17,Dame, du kldt p til sommeren? bliv det ,yolotest,Nike Sportswear Advance 15 Jacket, du kldt p til sommeren? bliv det , du kldt p til sommeren? bliv det ,1,1,Taxable Goods,"Catalog, Search",75,,,,55,Meta Title,"meta1, meta2, meta5",meta description,,,,,,,,,"5/28/17, 1:20 PM","5/28/17, 1:20 PM",,,Block after Info Column,,,,,,,,,,,Use config,,9,,100,0,1,0,0,1,1,0,0,1,1,,1,0,1,1,0,1,0,0,0,111,,111,,111,,,,,,,,,,,,
166,,Default,simple,"Default Category/Gear,Default Category/Gear/Fitness Equipment",base,Jakker,Sort,M,HS17,Mand,Highland Park Highland Park Distillery blev grun,yolotest,Tenson Northpole Jacket,Highland Park Highland Park Distillery blev grun,Highland Park Highland Park Distillery blev grun,1,1,Taxable Goods,"Catalog, Search",75,,,,56,Meta Title,"meta1, meta2, meta5",meta description,,,,,,,,,"5/28/17, 1:20 PM","5/28/17, 1:20 PM",,,Block after Info Column,,,,,,,,,,,Use config,,4,,100,0,1,0,0,1,1,0,0,1,1,,1,0,1,1,0,1,0,0,0,111,,111,,111,,,,,,,,,,,,
167,,Default,simple,"Default Category/Gear,Default Category/Gear/Fitness Equipment",base,Bukser,Red,S,HS17,Dame,LOral - Glam Nude BB Cream Fugtgivende hu,yolotest,Nike Sportswear Varsity Jacket,LOral - Glam Nude BB Cream Fugtgivende hu,LOral - Glam Nude BB Cream Fugtgivende hu,1,1,Taxable Goods,"Catalog, Search",75,,,,57,Meta Title,"meta1, meta2, meta5",meta description,,,,,,,,,"5/28/17, 1:20 PM","5/28/17, 1:20 PM",,,Block after Info Column,,,,,,,,,,,Use config,,3,,100,0,1,0,0,1,1,0,0,1,1,,1,0,1,1,0,1,0,0,0,111,,111,,111,,,,,,,,,,,,
168,,Default,simple,"Default Category/Gear,Default Category/Gear/Fitness Equipment",base,Bluser,Red,M,HS17,Mand,hej,yolotest,Hummel Sylvester Softshell Jacket,hej,hej,1,1,Taxable Goods,"Catalog, Search",100,,,,58,Meta Title,"meta1, meta2, meta5",meta description,,,,,,,,,"5/28/17, 1:20 PM","5/28/17, 1:20 PM",,,Block after Info Column,,,,,,,,,,,Use config,,2,,100,0,1,0,0,1,1,0,0,1,1,,1,0,1,1,0,1,0,0,0,111,,111,,111,,,,,,,,,,,,
169,,Default,simple,"Default Category/Gear,Default Category/Gear/Fitness Equipment",base,Kjoler,Blue,M,HS17,Mand,Mangler du en smart og funktion,yolotest,Hummel Mina Softshell Jacket,Mangler du en smart og funktion,Mangler du en smart og funktion,1,1,Taxable Goods,"Catalog, Search",50,,,,59,Meta Title,"meta1, meta2, meta5",meta description,,,,,,,,,"5/28/17, 1:20 PM","5/28/17, 1:20 PM",,,Block after Info Column,,,,,,,,,,,Use config,,56,,100,0,1,0,0,1,1,0,0,1,1,,1,0,1,1,0,1,0,0,0,111,,111,,111,,,,,,,,,,,,
170,,Default,simple,"Default Category/Gear,Default Category/Gear/Fitness Equipment",base,Shorts,Gul,L,HS17,Mand, du kldt p til sommeren? bliv det ,yolotest,Nike Sportswear Advance 15 Jacket, du kldt p til sommeren? bliv det , du kldt p til sommeren? bliv det ,1,1,Taxable Goods,"Catalog, Search",150,,,,60,Meta Title,"meta1, meta2, meta5",meta description,,,,,,,,,"5/28/17, 1:20 PM","5/28/17, 1:20 PM",,,Block after Info Column,,,,,,,,,,,Use config,,4,,100,0,1,0,0,1,1,0,0,1,1,,1,0,1,1,0,1,0,0,0,111,,111,,111,,,,,,,,,,,,
171,,Default,simple,"Default Category/Gear,Default Category/Gear/Fitness Equipment",base,Shorts,Sort,M,HS17,Mand,Highland Park Highland Park Distillery blev grun,yolotest,Tenson Northpole Jacket,Highland Park Highland Park Distillery blev grun,Highland Park Highland Park Distillery blev grun,1,1,Taxable Goods,"Catalog, Search",200,,,,61,Meta Title,"meta1, meta2, meta5",meta description,,,,,,,,,"5/28/17, 1:20 PM","5/28/17, 1:20 PM",,,Block after Info Column,,,,,,,,,,,Use config,,8,,100,0,1,0,0,1,1,0,0,1,1,,1,0,1,1,0,1,0,0,0,111,,111,,111,,,,,,,,,,,,
172,,Default,simple,"Default Category/Gear,Default Category/Gear/Fitness Equipment",base,Kjoler,Red,S,HS17,Dame,LOral - Glam Nude BB Cream Fugtgivende hu,yolotest,Nike Sportswear Varsity Jacket,LOral - Glam Nude BB Cream Fugtgivende hu,LOral - Glam Nude BB Cream Fugtgivende hu,1,1,Taxable Goods,"Catalog, Search",70,,,,62,Meta Title,"meta1, meta2, meta5",meta description,,,,,,,,,"5/28/17, 1:20 PM","5/28/17, 1:20 PM",,,Block after Info Column,,,,,,,,,,,Use config,,9,,100,0,1,0,0,1,1,0,0,1,1,,1,0,1,1,0,1,0,0,0,111,,111,,111,,,,,,,,,,,,
173,,Default,simple,"Default Category/Gear,Default Category/Gear/Fitness Equipment",base,Jakker,Red,M,MF17,Dame,hej,yolotest,Hummel Sylvester Softshell Jacket,hej,hej,1,1,Taxable Goods,"Catalog, Search",70,,,,63,Meta Title,"meta1, meta2, meta5",meta description,,,,,,,,,"5/28/17, 1:20 PM","5/28/17, 1:20 PM",,,Block after Info Column,,,,,,,,,,,Use config,,7,,100,0,1,0,0,1,1,0,0,1,1,,1,0,1,1,0,1,0,0,0,111,,111,,111,,,,,,,,,,,,
174,,Default,simple,"Default Category/Gear,Default Category/Gear/Fitness Equipment",base,Bluser,Blue,XL,MF17,Mand,Mangler du en smart og funktion,yolotest,Hummel Mina Softshell Jacket,Mangler du en smart og funktion,Mangler du en smart og funktion,1,1,Taxable Goods,"Catalog, Search",70,,,,64,Meta Title,"meta1, meta2, meta5",meta description,,,,,,,,,"5/28/17, 1:20 PM","5/28/17, 1:20 PM",,,Block after Info Column,,,,,,,,,,,Use config,,8,,100,0,1,0,0,1,1,0,0,1,1,,1,0,1,1,0,1,0,0,0,111,,111,,111,,,,,,,,,,,,
175,,Default,simple,"Default Category/Gear,Default Category/Gear/Fitness Equipment",base,T-shirts,Gul,S,MF17,Dame, du kldt p til sommeren? bliv det ,yolotest,Nike Sportswear Advance 15 Jacket, du kldt p til sommeren? bliv det , du kldt p til sommeren? bliv det ,1,1,Taxable Goods,"Catalog, Search",69,,,,65,Meta Title,"meta1, meta2, meta5",meta description,,,,,,,,,"5/28/17, 1:20 PM","5/28/17, 1:20 PM",,,Block after Info Column,,,,,,,,,,,Use config,,2,,100,0,1,0,0,1,1,0,0,1,1,,1,0,1,1,0,1,0,0,0,111,,111,,111,,,,,,,,,,,,
176,,Default,simple,"Default Category/Gear,Default Category/Gear/Fitness Equipment",base,T-shirts,Sort,S,MF17,Dame,Highland Park Highland Park Distillery blev grun,yolotest,Tenson Northpole Jacket,Highland Park Highland Park Distillery blev grun,Highland Park Highland Park Distillery blev grun,1,1,Taxable Goods,"Catalog, Search",30,,,,66,Meta Title,"meta1, meta2, meta5",meta description,,,,,,,,,"5/28/17, 1:20 PM","5/28/17, 1:20 PM",,,Block after Info Column,,,,,,,,,,,Use config,,1,,100,0,1,0,0,1,1,0,0,1,1,,1,0,1,1,0,1,0,0,0,111,,111,,111,,,,,,,,,,,,
177,,Default,simple,"Default Category/Gear,Default Category/Gear/Fitness Equipment",base,Badetooj,Red,L,MF17,Mand,LOral - Glam Nude BB Cream Fugtgivende hu,yolotest,Nike Sportswear Varsity Jacket,LOral - Glam Nude BB Cream Fugtgivende hu,LOral - Glam Nude BB Cream Fugtgivende hu,1,1,Taxable Goods,"Catalog, Search",30,,,,67,Meta Title,"meta1, meta2, meta5",meta description,,,,,,,,,"5/28/17, 1:20 PM","5/28/17, 1:20 PM",,,Block after Info Column,,,,,,,,,,,Use config,,11,,100,0,1,0,0,1,1,0,0,1,1,,1,0,1,1,0,1,0,0,0,111,,111,,111,,,,,,,,,,,,
178,,Default,simple,"Default Category/Gear,Default Category/Gear/Fitness Equipment",base,Bluser,Red,XS,MF17,Dame,hej,yolotest,Hummel Sylvester Softshell Jacket,hej,hej,1,1,Taxable Goods,"Catalog, Search",95,,,,68,Meta Title,"meta1, meta2, meta5",meta description,,,,,,,,,"5/28/17, 1:20 PM","5/28/17, 1:20 PM",,,Block after Info Column,,,,,,,,,,,Use config,,1,,100,0,1,0,0,1,1,0,0,1,1,,1,0,1,1,0,1,0,0,0,111,,111,,111,,,,,,,,,,,,
179,,Default,simple,"Default Category/Gear,Default Category/Gear/Fitness Equipment",base,Bukser,Blue,XS,MF17,Dame,Mangler du en smart og funktion,yolotest,Hummel Mina Softshell Jacket,Mangler du en smart og funktion,Mangler du en smart og funktion,1,1,Taxable Goods,"Catalog, Search",125,,,,69,Meta Title,"meta1, meta2, meta5",meta description,,,,,,,,,"5/28/17, 1:20 PM","5/28/17, 1:20 PM",,,Block after Info Column,,,,,,,,,,,Use config,,3,,100,0,1,0,0,1,1,0,0,1,1,,1,0,1,1,0,1,0,0,0,111,,111,,111,,,,,,,,,,,,
180,,Default,simple,"Default Category/Gear,Default Category/Gear/Fitness Equipment",base,Bukser,Gul,L,MF17,Mand, du kldt p til sommeren? bliv det ,yolotest,Nike Sportswear Advance 15 Jacket, du kldt p til sommeren? bliv det , du kldt p til sommeren? bliv det ,1,1,Taxable Goods,"Catalog, Search",125,,,,70,Meta Title,"meta1, meta2, meta5",meta description,,,,,,,,,"5/28/17, 1:20 PM","5/28/17, 1:20 PM",,,Block after Info Column,,,,,,,,,,,Use config,,6,,100,0,1,0,0,1,1,0,0,1,1,,1,0,1,1,0,1,0,0,0,111,,111,,111,,,,,,,,,,,,
181,,Default,simple,"Default Category/Gear,Default Category/Gear/Fitness Equipment",base,Bluser,Sort,S,MF17,Dame,Highland Park Highland Park Distillery blev grun,yolotest,Tenson Northpole Jacket,Highland Park Highland Park Distillery blev grun,Highland Park Highland Park Distillery blev grun,1,1,Taxable Goods,"Catalog, Search",125,,,,71,Meta Title,"meta1, meta2, meta5",meta description,,,,,,,,,"5/28/17, 1:20 PM","5/28/17, 1:20 PM",,,Block after Info Column,,,,,,,,,,,Use config,,9,,100,0,1,0,0,1,1,0,0,1,1,,1,0,1,1,0,1,0,0,0,111,,111,,111,,,,,,,,,,,,
182,,Default,simple,"Default Category/Gear,Default Category/Gear/Fitness Equipment",base,T-shirts,Red,S,MF17,Dame,LOral - Glam Nude BB Cream Fugtgivende hu,yolotest,Nike Sportswear Varsity Jacket,LOral - Glam Nude BB Cream Fugtgivende hu,LOral - Glam Nude BB Cream Fugtgivende hu,1,1,Taxable Goods,"Catalog, Search",95,,,,72,Meta Title,"meta1, meta2, meta5",meta description,,,,,,,,,"5/28/17, 1:20 PM","5/28/17, 1:20 PM",,,Block after Info Column,,,,,,,,,,,Use config,,4,,100,0,1,0,0,1,1,0,0,1,1,,1,0,1,1,0,1,0,0,0,111,,111,,111,,,,,,,,,,,,
183,,Default,simple,"Default Category/Gear,Default Category/Gear/Fitness Equipment",base,Jakker,Red,L,MF17,Mand,hej,yolotest,Hummel Sylvester Softshell Jacket,hej,hej,1,1,Taxable Goods,"Catalog, Search",79,,,,73,Meta Title,"meta1, meta2, meta5",meta description,,,,,,,,,"5/28/17, 1:20 PM","5/28/17, 1:20 PM",,,Block after Info Column,,,,,,,,,,,Use config,,5,,100,0,1,0,0,1,1,0,0,1,1,,1,0,1,1,0,1,0,0,0,111,,111,,111,,,,,,,,,,,,
184,,Default,simple,"Default Category/Gear,Default Category/Gear/Fitness Equipment",base,Jakker,Blue,S,MF17,Dam,Mangler du en smart og funktion,yolotest,Hummel Mina Softshell Jacket,Mangler du en smart og funktion,Mangler du en smart og funktion,1,1,Taxable Goods,"Catalog, Search",130,,,,74,Meta Title,"meta1, meta2, meta5",meta description,,,,,,,,,"5/28/17, 1:20 PM","5/28/17, 1:20 PM",,,Block after Info Column,,,,,,,,,,,Use config,,5,,100,0,1,0,0,1,1,0,0,1,1,,1,0,1,1,0,1,0,0,0,111,,111,,111,,,,,,,,,,,,
185,,Default,simple,"Default Category/Gear,Default Category/Gear/Fitness Equipment",base,Jakker,Gul,M,MF17,Mand, du kldt p til sommeren? bliv det ,yolotest,Nike Sportswear Advance 15 Jacket, du kldt p til sommeren? bliv det , du kldt p til sommeren? bliv det ,1,1,Taxable Goods,"Catalog, Search",15,,,,75,Meta Title,"meta1, meta2, meta5",meta description,,,,,,,,,"5/28/17, 1:20 PM","5/28/17, 1:20 PM",,,Block after Info Column,,,,,,,,,,,Use config,,8,,100,0,1,0,0,1,1,0,0,1,1,,1,0,1,1,0,1,0,0,0,111,,111,,111,,,,,,,,,,,,
186,,Default,simple,"Default Category/Gear,Default Category/Gear/Fitness Equipment",base,Bukser,Sort,M,MF17,Mand,Highland Park Highland Park Distillery blev grun,yolotest,Tenson Northpole Jacket,Highland Park Highland Park Distillery blev grun,Highland Park Highland Park Distillery blev grun,1,1,Taxable Goods,"Catalog, Search",58,,,,76,Meta Title,"meta1, meta2, meta5",meta description,,,,,,,,,"5/28/17, 1:20 PM","5/28/17, 1:20 PM",,,Block after Info Column,,,,,,,,,,,Use config,,2,,100,0,1,0,0,1,1,0,0,1,1,,1,0,1,1,0,1,0,0,0,111,,111,,111,,,,,,,,,,,,
187,,Default,simple,"Default Category/Gear,Default Category/Gear/Fitness Equipment",base,Bluser,Red,M,MF17,Dame,LOral - Glam Nude BB Cream Fugtgivende hu,yolotest,Nike Sportswear Varsity Jacket,LOral - Glam Nude BB Cream Fugtgivende hu,LOral - Glam Nude BB Cream Fugtgivende hu,1,1,Taxable Goods,"Catalog, Search",60,,,,77,Meta Title,"meta1, meta2, meta5",meta description,,,,,,,,,"5/28/17, 1:20 PM","5/28/17, 1:20 PM",,,Block after Info Column,,,,,,,,,,,Use config,,7,,100,0,1,0,0,1,1,0,0,1,1,,1,0,1,1,0,1,0,0,0,111,,111,,111,,,,,,,,,,,,
188,,Default,simple,"Default Category/Gear,Default Category/Gear/Fitness Equipment",base,Kjoler,Red,M,MF17,Dame,hej,yolotest,Hummel Sylvester Softshell Jacket,hej,hej,1,1,Taxable Goods,"Catalog, Search",95,,,,78,Meta Title,"meta1, meta2, meta5",meta description,,,,,,,,,"5/28/17, 1:20 PM","5/28/17, 1:20 PM",,,Block after Info Column,,,,,,,,,,,Use config,,11,,100,0,1,0,0,1,1,0,0,1,1,,1,0,1,1,0,1,0,0,0,111,,111,,111,,,,,,,,,,,,
189,,Default,simple,"Default Category/Gear,Default Category/Gear/Fitness Equipment",base,Shorts,Blue,XL,MF17,Mand,Mangler du en smart og funktion,yolotest,Hummel Mina Softshell Jacket,Mangler du en smart og funktion,Mangler du en smart og funktion,1,1,Taxable Goods,"Catalog, Search",100,,,,79,Meta Title,"meta1, meta2, meta5",meta description,,,,,,,,,"5/28/17, 1:20 PM","5/28/17, 1:20 PM",,,Block after Info Column,,,,,,,,,,,Use config,,15,,100,0,1,0,0,1,1,0,0,1,1,,1,0,1,1,0,1,0,0,0,111,,111,,111,,,,,,,,,,,,
190,,Default,simple,"Default Category/Gear,Default Category/Gear/Fitness Equipment",base,Shorts,Gul,S,MF17,Dame, du kldt p til sommeren? bliv det ,yolotest,Nike Sportswear Advance 15 Jacket, du kldt p til sommeren? bliv det , du kldt p til sommeren? bliv det ,1,1,Taxable Goods,"Catalog, Search",50,,,,80,Meta Title,"meta1, meta2, meta5",meta description,,,,,,,,,"5/28/17, 1:20 PM","5/28/17, 1:20 PM",,,Block after Info Column,,,,,,,,,,,Use config,,1,,100,0,1,0,0,1,1,0,0,1,1,,1,0,1,1,0,1,0,0,0,111,,111,,111,,,,,,,,,,,,
191,,Default,simple,"Default Category/Gear,Default Category/Gear/Fitness Equipment",base,Kjoler,Sort,L,MF17,Mand,Highland Park Highland Park Distillery blev grun,yolotest,Tenson Northpole Jacket,Highland Park Highland Park Distillery blev grun,Highland Park Highland Park Distillery blev grun,1,1,Taxable Goods,"Catalog, Search",75,,,,81,Meta Title,"meta1, meta2, meta5",meta description,,,,,,,,,"5/28/17, 1:20 PM","5/28/17, 1:20 PM",,,Block after Info Column,,,,,,,,,,,Use config,,3,,100,0,1,0,0,1,1,0,0,1,1,,1,0,1,1,0,1,0,0,0,111,,111,,111,,,,,,,,,,,,
192,,Default,simple,"Default Category/Gear,Default Category/Gear/Fitness Equipment",base,Jakker,Red,L,MF17,Mand,LOral - Glam Nude BB Cream Fugtgivende hu,yolotest,Nike Sportswear Varsity Jacket,LOral - Glam Nude BB Cream Fugtgivende hu,LOral - Glam Nude BB Cream Fugtgivende hu,1,1,Taxable Goods,"Catalog, Search",75,,,,82,Meta Title,"meta1, meta2, meta5",meta description,,,,,,,,,"5/28/17, 1:20 PM","5/28/17, 1:20 PM",,,Block after Info Column,,,,,,,,,,,Use config,,7,,100,0,1,0,0,1,1,0,0,1,1,,1,0,1,1,0,1,0,0,0,111,,111,,111,,,,,,,,,,,,
193,,Default,simple,"Default Category/Gear,Default Category/Gear/Fitness Equipment",base,Bluser,Red,L,MF17,Mand,hej,yolotest,Hummel Sylvester Softshell Jacket,hej,hej,1,1,Taxable Goods,"Catalog, Search",75,,,,83,Meta Title,"meta1, meta2, meta5",meta description,,,,,,,,,"5/28/17, 1:20 PM","5/28/17, 1:20 PM",,,Block after Info Column,,,,,,,,,,,Use config,,9,,100,0,1,0,0,1,1,0,0,1,1,,1,0,1,1,0,1,0,0,0,111,,111,,111,,,,,,,,,,,,
194,,Default,simple,"Default Category/Gear,Default Category/Gear/Fitness Equipment",base,T-shirts,Blue,S,MF17,Mand,Mangler du en smart og funktion,yolotest,Hummel Mina Softshell Jacket,Mangler du en smart og funktion,Mangler du en smart og funktion,1,1,Taxable Goods,"Catalog, Search",100,,,,84,Meta Title,"meta1, meta2, meta5",meta description,,,,,,,,,"5/28/17, 1:20 PM","5/28/17, 1:20 PM",,,Block after Info Column,,,,,,,,,,,Use config,,4,,100,0,1,0,0,1,1,0,0,1,1,,1,0,1,1,0,1,0,0,0,111,,111,,111,,,,,,,,,,,,
195,,Default,simple,"Default Category/Gear,Default Category/Gear/Fitness Equipment",base,T-shirts,Gul,M,MF17,Dame, du kldt p til sommeren? bliv det ,yolotest,Nike Sportswear Advance 15 Jacket, du kldt p til sommeren? bliv det , du kldt p til sommeren? bliv det ,1,1,Taxable Goods,"Catalog, Search",50,,,,85,Meta Title,"meta1, meta2, meta5",meta description,,,,,,,,,"5/28/17, 1:20 PM","5/28/17, 1:20 PM",,,Block after Info Column,,,,,,,,,,,Use config,,3,,100,0,1,0,0,1,1,0,0,1,1,,1,0,1,1,0,1,0,0,0,111,,111,,111,,,,,,,,,,,,
196,,Default,simple,"Default Category/Gear,Default Category/Gear/Fitness Equipment",base,Badetooj,Sort,M,MF17,Dame,Highland Park Highland Park Distillery blev grun,yolotest,Tenson Northpole Jacket,Highland Park Highland Park Distillery blev grun,Highland Park Highland Park Distillery blev grun,1,1,Taxable Goods,"Catalog, Search",150,,,,86,Meta Title,"meta1, meta2, meta5",meta description,,,,,,,,,"5/28/17, 1:20 PM","5/28/17, 1:20 PM",,,Block after Info Column,,,,,,,,,,,Use config,,2,,100,0,1,0,0,1,1,0,0,1,1,,1,0,1,1,0,1,0,0,0,111,,111,,111,,,,,,,,,,,,
197,,Default,simple,"Default Category/Gear,Default Category/Gear/Fitness Equipment",base,Bluser,Red,L,MF17,Mand,LOral - Glam Nude BB Cream Fugtgivende hu,yolotest,Nike Sportswear Varsity Jacket,LOral - Glam Nude BB Cream Fugtgivende hu,LOral - Glam Nude BB Cream Fugtgivende hu,1,1,Taxable Goods,"Catalog, Search",200,,,,87,Meta Title,"meta1, meta2, meta5",meta description,,,,,,,,,"5/28/17, 1:20 PM","5/28/17, 1:20 PM",,,Block after Info Column,,,,,,,,,,,Use config,,56,,100,0,1,0,0,1,1,0,0,1,1,,1,0,1,1,0,1,0,0,0,111,,111,,111,,,,,,,,,,,,
198,,Default,simple,"Default Category/Gear,Default Category/Gear/Fitness Equipment",base,Bukser,Red,S,MF17,Dame,hej,yolotest,Hummel Sylvester Softshell Jacket,hej,hej,1,1,Taxable Goods,"Catalog, Search",70,,,,88,Meta Title,"meta1, meta2, meta5",meta description,,,,,,,,,"5/28/17, 1:20 PM","5/28/17, 1:20 PM",,,Block after Info Column,,,,,,,,,,,Use config,,4,,100,0,1,0,0,1,1,0,0,1,1,,1,0,1,1,0,1,0,0,0,111,,111,,111,,,,,,,,,,,,
199,,Default,simple,"Default Category/Gear,Default Category/Gear/Fitness Equipment",base,Bukser,Blue,M,MF17,Dame,Mangler du en smart og funktion,yolotest,Hummel Mina Softshell Jacket,Mangler du en smart og funktion,Mangler du en smart og funktion,1,1,Taxable Goods,"Catalog, Search",70,,,,89,Meta Title,"meta1, meta2, meta5",meta description,,,,,,,,,"5/28/17, 1:20 PM","5/28/17, 1:20 PM",,,Block after Info Column,,,,,,,,,,,Use config,,8,,100,0,1,0,0,1,1,0,0,1,1,,1,0,1,1,0,1,0,0,0,111,,111,,111,,,,,,,,,,,,
200,,Default,simple,"Default Category/Gear,Default Category/Gear/Fitness Equipment",base,Bluser,Gul,L,MF17,Mand, du kldt p til sommeren? bliv det ,yolotest,Nike Sportswear Advance 15 Jacket, du kldt p til sommeren? bliv det , du kldt p til sommeren? bliv det ,1,1,Taxable Goods,"Catalog, Search",70,,,,90,Meta Title,"meta1, meta2, meta5",meta description,,,,,,,,,"5/28/17, 1:20 PM","5/28/17, 1:20 PM",,,Block after Info Column,,,,,,,,,,,Use config,,4,,100,0,1,0,0,1,1,0,0,1,1,,1,0,1,1,0,1,0,0,0,111,,111,,111,,,,,,,,,,,,
201,,Default,simple,"Default Category/Gear,Default Category/Gear/Fitness Equipment",base,T-shirts,Sort,S,MF17,Dame,Highland Park Highland Park Distillery blev grun,yolotest,Tenson Northpole Jacket,Highland Park Highland Park Distillery blev grun,Highland Park Highland Park Distillery blev grun,1,1,Taxable Goods,"Catalog, Search",69,,,,91,Meta Title,"meta1, meta2, meta5",meta description,,,,,,,,,"5/28/17, 1:20 PM","5/28/17, 1:20 PM",,,Block after Info Column,,,,,,,,,,,Use config,,11,,100,0,1,0,0,1,1,0,0,1,1,,1,0,1,1,0,1,0,0,0,111,,111,,111,,,,,,,,,,,,
202,,Default,simple,"Default Category/Gear,Default Category/Gear/Fitness Equipment",base,Jakker,Red,S,MF17,Dame,LOral - Glam Nude BB Cream Fugtgivende hu,yolotest,Nike Sportswear Varsity Jacket,LOral - Glam Nude BB Cream Fugtgivende hu,LOral - Glam Nude BB Cream Fugtgivende hu,1,1,Taxable Goods,"Catalog, Search",30,,,,92,Meta Title,"meta1, meta2, meta5",meta description,,,,,,,,,"5/28/17, 1:20 PM","5/28/17, 1:20 PM",,,Block after Info Column,,,,,,,,,,,Use config,,5,,100,0,1,0,0,1,1,0,0,1,1,,1,0,1,1,0,1,0,0,0,111,,111,,111,,,,,,,,,,,,
203,,Default,simple,"Default Category/Gear,Default Category/Gear/Fitness Equipment",base,Jakker,Red,L,MF17,Mand,hej,yolotest,Hummel Sylvester Softshell Jacket,hej,hej,1,1,Taxable Goods,"Catalog, Search",30,,,,93,Meta Title,"meta1, meta2, meta5",meta description,,,,,,,,,"5/28/17, 1:20 PM","5/28/17, 1:20 PM",,,Block after Info Column,,,,,,,,,,,Use config,,8,,100,0,1,0,0,1,1,0,0,1,1,,1,0,1,1,0,1,0,0,0,111,,111,,111,,,,,,,,,,,,
204,,Default,simple,"Default Category/Gear,Default Category/Gear/Fitness Equipment",base,T-shirts,Blue,XS,MF17,Dame,Mangler du en smart og funktion,yolotest,Hummel Mina Softshell Jacket,Mangler du en smart og funktion,Mangler du en smart og funktion,1,1,Taxable Goods,"Catalog, Search",95,,,,94,Meta Title,"meta1, meta2, meta5",meta description,,,,,,,,,"5/28/17, 1:20 PM","5/28/17, 1:20 PM",,,Block after Info Column,,,,,,,,,,,Use config,,2,,100,0,1,0,0,1,1,0,0,1,1,,1,0,1,1,0,1,0,0,0,111,,111,,111,,,,,,,,,,,,
205,,Default,simple,"Default Category/Gear,Default Category/Gear/Fitness Equipment",base,Badetooj,Gul,XS,PS17,Dame, du kldt p til sommeren? bliv det ,yolotest,Nike Sportswear Advance 15 Jacket, du kldt p til sommeren? bliv det , du kldt p til sommeren? bliv det ,1,1,Taxable Goods,"Catalog, Search",125,,,,95,Meta Title,"meta1, meta2, meta5",meta description,,,,,,,,,"5/28/17, 1:20 PM","5/28/17, 1:20 PM",,,Block after Info Column,,,,,,,,,,,Use config,,7,,100,0,1,0,0,1,1,0,0,1,1,,1,0,1,1,0,1,0,0,0,111,,111,,111,,,,,,,,,,,,
206,,Default,simple,"Default Category/Gear,Default Category/Gear/Fitness Equipment",base,Bluser,Sort,L,PS17,Mand,Highland Park Highland Park Distillery blev grun,yolotest,Tenson Northpole Jacket,Highland Park Highland Park Distillery blev grun,Highland Park Highland Park Distillery blev grun,1,1,Taxable Goods,"Catalog, Search",125,,,,96,Meta Title,"meta1, meta2, meta5",meta description,,,,,,,,,"5/28/17, 1:20 PM","5/28/17, 1:20 PM",,,Block after Info Column,,,,,,,,,,,Use config,,11,,100,0,1,0,0,1,1,0,0,1,1,,1,0,1,1,0,1,0,0,0,111,,111,,111,,,,,,,,,,,,
207,,Default,simple,"Default Category/Gear,Default Category/Gear/Fitness Equipment",base,Bukser,Red,S,PS17,Dame,LOral - Glam Nude BB Cream Fugtgivende hu,yolotest,Nike Sportswear Varsity Jacket,LOral - Glam Nude BB Cream Fugtgivende hu,LOral - Glam Nude BB Cream Fugtgivende hu,1,1,Taxable Goods,"Catalog, Search",125,,,,97,Meta Title,"meta1, meta2, meta5",meta description,,,,,,,,,"5/28/17, 1:20 PM","5/28/17, 1:20 PM",,,Block after Info Column,,,,,,,,,,,Use config,,15,,100,0,1,0,0,1,1,0,0,1,1,,1,0,1,1,0,1,0,0,0,111,,111,,111,,,,,,,,,,,,
208,,Default,simple,"Default Category/Gear,Default Category/Gear/Fitness Equipment",base,Bukser,Red,S,PS17,Mand,hej,yolotest,Hummel Sylvester Softshell Jacket,hej,hej,1,1,Taxable Goods,"Catalog, Search",95,,,,98,Meta Title,"meta1, meta2, meta5",meta description,,,,,,,,,"5/28/17, 1:20 PM","5/28/17, 1:20 PM",,,Block after Info Column,,,,,,,,,,,Use config,,1,,100,0,1,0,0,1,1,0,0,1,1,,1,0,1,1,0,1,0,0,0,111,,111,,111,,,,,,,,,,,,
209,,Default,simple,"Default Category/Gear,Default Category/Gear/Fitness Equipment",base,Bluser,Blue,L,PS17,Mand,Mangler du en smart og funktion,yolotest,Hummel Mina Softshell Jacket,Mangler du en smart og funktion,Mangler du en smart og funktion,1,1,Taxable Goods,"Catalog, Search",79,,,,99,Meta Title,"meta1, meta2, meta5",meta description,,,,,,,,,"5/28/17, 1:20 PM","5/28/17, 1:20 PM",,,Block after Info Column,,,,,,,,,,,Use config,,3,,100,0,1,0,0,1,1,0,0,1,1,,1,0,1,1,0,1,0,0,0,111,,111,,111,,,,,,,,,,,,
210,,Default,simple,"Default Category/Gear,Default Category/Gear/Fitness Equipment",base,T-shirts,Gul,S,PS17,Dame, du kldt p til sommeren? bliv det ,yolotest,Nike Sportswear Advance 15 Jacket, du kldt p til sommeren? bliv det , du kldt p til sommeren? bliv det ,1,1,Taxable Goods,"Catalog, Search",130,,,,100,Meta Title,"meta1, meta2, meta5",meta description,,,,,,,,,"5/28/17, 1:20 PM","5/28/17, 1:20 PM",,,Block after Info Column,,,,,,,,,,,Use config,,7,,100,0,1,0,0,1,1,0,0,1,1,,1,0,1,1,0,1,0,0,0,111,,111,,111,,,,,,,,,,,,
211,,Default,simple,"Default Category/Gear,Default Category/Gear/Fitness Equipment",base,Jakker,Sort,M,PS17,Dame,Highland Park Highland Park Distillery blev grun,yolotest,Tenson Northpole Jacket,Highland Park Highland Park Distillery blev grun,Highland Park Highland Park Distillery blev grun,1,1,Taxable Goods,"Catalog, Search",15,,,,101,Meta Title,"meta1, meta2, meta5",meta description,,,,,,,,,"5/28/17, 1:20 PM","5/28/17, 1:20 PM",,,Block after Info Column,,,,,,,,,,,Use config,,9,,100,0,1,0,0,1,1,0,0,1,1,,1,0,1,1,0,1,0,0,0,111,,111,,111,,,,,,,,,,,,
212,,Default,simple,"Default Category/Gear,Default Category/Gear/Fitness Equipment",base,Jakker,Red,M,PS17,Mand,LOral - Glam Nude BB Cream Fugtgivende hu,yolotest,Nike Sportswear Varsity Jacket,LOral - Glam Nude BB Cream Fugtgivende hu,LOral - Glam Nude BB Cream Fugtgivende hu,1,1,Taxable Goods,"Catalog, Search",58,,,,102,Meta Title,"meta1, meta2, meta5",meta description,,,,,,,,,"5/28/17, 1:20 PM","5/28/17, 1:20 PM",,,Block after Info Column,,,,,,,,,,,Use config,,4,,100,0,1,0,0,1,1,0,0,1,1,,1,0,1,1,0,1,0,0,0,111,,111,,111,,,,,,,,,,,,
213,,Default,simple,"Default Category/Gear,Default Category/Gear/Fitness Equipment",base,Jakker,Red,M,PS17,Dame,hej,yolotest,Hummel Sylvester Softshell Jacket,hej,hej,1,1,Taxable Goods,"Catalog, Search",60,,,,103,Meta Title,"meta1, meta2, meta5",meta description,,,,,,,,,"5/28/17, 1:20 PM","5/28/17, 1:20 PM",,,Block after Info Column,,,,,,,,,,,Use config,,3,,100,0,1,0,0,1,1,0,0,1,1,,1,0,1,1,0,1,0,0,0,111,,111,,111,,,,,,,,,,,,
214,,Default,simple,"Default Category/Gear,Default Category/Gear/Fitness Equipment",base,Bukser,Blue,M,PS17,Mand,Mangler du en smart og funktion,yolotest,Hummel Mina Softshell Jacket,Mangler du en smart og funktion,Mangler du en smart og funktion,1,1,Taxable Goods,"Catalog, Search",95,,,,104,Meta Title,"meta1, meta2, meta5",meta description,,,,,,,,,"5/28/17, 1:20 PM","5/28/17, 1:20 PM",,,Block after Info Column,,,,,,,,,,,Use config,,2,,100,0,1,0,0,1,1,0,0,1,1,,1,0,1,1,0,1,0,0,0,111,,111,,111,,,,,,,,,,,,
215,,Default,simple,"Default Category/Gear,Default Category/Gear/Fitness Equipment",base,Bluser,Gul,XL,PS17,Mand, du kldt p til sommeren? bliv det ,yolotest,Nike Sportswear Advance 15 Jacket, du kldt p til sommeren? bliv det , du kldt p til sommeren? bliv det ,1,1,Taxable Goods,"Catalog, Search",100,,,,105,Meta Title,"meta1, meta2, meta5",meta description,,,,,,,,,"5/28/17, 1:20 PM","5/28/17, 1:20 PM",,,Block after Info Column,,,,,,,,,,,Use config,,56,,100,0,1,0,0,1,1,0,0,1,1,,1,0,1,1,0,1,0,0,0,111,,111,,111,,,,,,,,,,,,
216,,Default,simple,"Default Category/Gear,Default Category/Gear/Fitness Equipment",base,Kjoler,Sort,S,PS17,Mand,Highland Park Highland Park Distillery blev grun,yolotest,Tenson Northpole Jacket,Highland Park Highland Park Distillery blev grun,Highland Park Highland Park Distillery blev grun,1,1,Taxable Goods,"Catalog, Search",50,,,,106,Meta Title,"meta1, meta2, meta5",meta description,,,,,,,,,"5/28/17, 1:20 PM","5/28/17, 1:20 PM",,,Block after Info Column,,,,,,,,,,,Use config,,4,,100,0,1,0,0,1,1,0,0,1,1,,1,0,1,1,0,1,0,0,0,111,,111,,111,,,,,,,,,,,,
217,,Default,simple,"Default Category/Gear,Default Category/Gear/Fitness Equipment",base,Shorts,Red,L,PS17,Mand,LOral - Glam Nude BB Cream Fugtgivende hu,yolotest,Nike Sportswear Varsity Jacket,LOral - Glam Nude BB Cream Fugtgivende hu,LOral - Glam Nude BB Cream Fugtgivende hu,1,1,Taxable Goods,"Catalog, Search",75,,,,107,Meta Title,"meta1, meta2, meta5",meta description,,,,,,,,,"5/28/17, 1:20 PM","5/28/17, 1:20 PM",,,Block after Info Column,,,,,,,,,,,Use config,,8,,100,0,1,0,0,1,1,0,0,1,1,,1,0,1,1,0,1,0,0,0,111,,111,,111,,,,,,,,,,,,
218,,Default,simple,"Default Category/Gear,Default Category/Gear/Fitness Equipment",base,Shorts,Red,L,PS17,Dame,hej,yolotest,Hummel Sylvester Softshell Jacket,hej,hej,1,1,Taxable Goods,"Catalog, Search",75,,,,108,Meta Title,"meta1, meta2, meta5",meta description,,,,,,,,,"5/28/17, 1:20 PM","5/28/17, 1:20 PM",,,Block after Info Column,,,,,,,,,,,Use config,,9,,100,0,1,0,0,1,1,0,0,1,1,,1,0,1,1,0,1,0,0,0,111,,111,,111,,,,,,,,,,,,
219,,Default,simple,"Default Category/Gear,Default Category/Gear/Fitness Equipment",base,Kjoler,Blue,S,PS17,Dame,Mangler du en smart og funktion,yolotest,Hummel Mina Softshell Jacket,Mangler du en smart og funktion,Mangler du en smart og funktion,1,1,Taxable Goods,"Catalog, Search",75,,,,109,Meta Title,"meta1, meta2, meta5",meta description,,,,,,,,,"5/28/17, 1:20 PM","5/28/17, 1:20 PM",,,Block after Info Column,,,,,,,,,,,Use config,,7,,100,0,1,0,0,1,1,0,0,1,1,,1,0,1,1,0,1,0,0,0,111,,111,,111,,,,,,,,,,,,
220,,Default,simple,"Default Category/Gear,Default Category/Gear/Fitness Equipment",base,Jakker,Gul,L,PS17,Mand, du kldt p til sommeren? bliv det ,yolotest,Nike Sportswear Advance 15 Jacket, du kldt p til sommeren? bliv det , du kldt p til sommeren? bliv det ,1,1,Taxable Goods,"Catalog, Search",100,,,,110,Meta Title,"meta1, meta2, meta5",meta description,,,,,,,,,"5/28/17, 1:20 PM","5/28/17, 1:20 PM",,,Block after Info Column,,,,,,,,,,,Use config,,8,,100,0,1,0,0,1,1,0,0,1,1,,1,0,1,1,0,1,0,0,0,111,,111,,111,,,,,,,,,,,,
221,,Default,simple,"Default Category/Gear,Default Category/Gear/Fitness Equipment",base,Jakker,Sort,XS,PS17,Dame,Highland Park Highland Park Distillery blev grun,yolotest,Tenson Northpole Jacket,Highland Park Highland Park Distillery blev grun,Highland Park Highland Park Distillery blev grun,1,1,Taxable Goods,"Catalog, Search",50,,,,111,Meta Title,"meta1, meta2, meta5",meta description,,,,,,,,,"5/28/17, 1:20 PM","5/28/17, 1:20 PM",,,Block after Info Column,,,,,,,,,,,Use config,,2,,100,0,1,0,0,1,1,0,0,1,1,,1,0,1,1,0,1,0,0,0,111,,111,,111,,,,,,,,,,,,
222,,Default,simple,"Default Category/Gear,Default Category/Gear/Fitness Equipment",base,Jakker,Red,XS,PS17,Dame,LOral - Glam Nude BB Cream Fugtgivende hu,yolotest,Nike Sportswear Varsity Jacket,LOral - Glam Nude BB Cream Fugtgivende hu,LOral - Glam Nude BB Cream Fugtgivende hu,1,1,Taxable Goods,"Catalog, Search",150,,,,112,Meta Title,"meta1, meta2, meta5",meta description,,,,,,,,,"5/28/17, 1:20 PM","5/28/17, 1:20 PM",,,Block after Info Column,,,,,,,,,,,Use config,,1,,100,0,1,0,0,1,1,0,0,1,1,,1,0,1,1,0,1,0,0,0,111,,111,,111,,,,,,,,,,,,
223,,Default,simple,"Default Category/Gear,Default Category/Gear/Fitness Equipment",base,Bukser,Red,L,PS17,Mand,hej,yolotest,Hummel Sylvester Softshell Jacket,hej,hej,1,1,Taxable Goods,"Catalog, Search",200,,,,113,Meta Title,"meta1, meta2, meta5",meta description,,,,,,,,,"5/28/17, 1:20 PM","5/28/17, 1:20 PM",,,Block after Info Column,,,,,,,,,,,Use config,,11,,100,0,1,0,0,1,1,0,0,1,1,,1,0,1,1,0,1,0,0,0,111,,111,,111,,,,,,,,,,,,
224,,Default,simple,"Default Category/Gear,Default Category/Gear/Fitness Equipment",base,Bluser,Blue,M,PS17,Dame,Mangler du en smart og funktion,yolotest,Hummel Mina Softshell Jacket,Mangler du en smart og funktion,Mangler du en smart og funktion,1,1,Taxable Goods,"Catalog, Search",70,,,,114,Meta Title,"meta1, meta2, meta5",meta description,,,,,,,,,"5/28/17, 1:20 PM","5/28/17, 1:20 PM",,,Block after Info Column,,,,,,,,,,,Use config,,1,,100,0,1,0,0,1,1,0,0,1,1,,1,0,1,1,0,1,0,0,0,111,,111,,111,,,,,,,,,,,,
225,,Default,simple,"Default Category/Gear,Default Category/Gear/Fitness Equipment",base,Kjoler,Gul,M,PS17,Dame, du kldt p til sommeren? bliv det ,yolotest,Nike Sportswear Advance 15 Jacket, du kldt p til sommeren? bliv det , du kldt p til sommeren? bliv det ,1,1,Taxable Goods,"Catalog, Search",70,,,,115,Meta Title,"meta1, meta2, meta5",meta description,,,,,,,,,"5/28/17, 1:20 PM","5/28/17, 1:20 PM",,,Block after Info Column,,,,,,,,,,,Use config,,3,,100,0,1,0,0,1,1,0,0,1,1,,1,0,1,1,0,1,0,0,0,111,,111,,111,,,,,,,,,,,,
226,,Default,simple,"Default Category/Gear,Default Category/Gear/Fitness Equipment",base,Shorts,Sort,S,PS17,Mand,Highland Park Highland Park Distillery blev grun,yolotest,Tenson Northpole Jacket,Highland Park Highland Park Distillery blev grun,Highland Park Highland Park Distillery blev grun,1,1,Taxable Goods,"Catalog, Search",70,,,,116,Meta Title,"meta1, meta2, meta5",meta description,,,,,,,,,"5/28/17, 1:20 PM","5/28/17, 1:20 PM",,,Block after Info Column,,,,,,,,,,,Use config,,6,,100,0,1,0,0,1,1,0,0,1,1,,1,0,1,1,0,1,0,0,0,111,,111,,111,,,,,,,,,,,,
227,,Default,simple,"Default Category/Gear,Default Category/Gear/Fitness Equipment",base,Shorts,Red,L,PS17,Dame,LOral - Glam Nude BB Cream Fugtgivende hu,yolotest,Nike Sportswear Varsity Jacket,LOral - Glam Nude BB Cream Fugtgivende hu,LOral - Glam Nude BB Cream Fugtgivende hu,1,1,Taxable Goods,"Catalog, Search",69,,,,117,Meta Title,"meta1, meta2, meta5",meta description,,,,,,,,,"5/28/17, 1:20 PM","5/28/17, 1:20 PM",,,Block after Info Column,,,,,,,,,,,Use config,,9,,100,0,1,0,0,1,1,0,0,1,1,,1,0,1,1,0,1,0,0,0,111,,111,,111,,,,,,,,,,,,
228,,Default,simple,"Default Category/Gear,Default Category/Gear/Fitness Equipment",base,Kjoler,Red,M,PS17,Dame,hej,yolotest,Hummel Sylvester Softshell Jacket,hej,hej,1,1,Taxable Goods,"Catalog, Search",30,,,,118,Meta Title,"meta1, meta2, meta5",meta description,,,,,,,,,"5/28/17, 1:20 PM","5/28/17, 1:20 PM",,,Block after Info Column,,,,,,,,,,,Use config,,4,,100,0,1,0,0,1,1,0,0,1,1,,1,0,1,1,0,1,0,0,0,111,,111,,111,,,,,,,,,,,,
229,,Default,simple,"Default Category/Gear,Default Category/Gear/Fitness Equipment",base,Jakker,Blue,S,PS17,Mand,Mangler du en smart og funktion,yolotest,Hummel Mina Softshell Jacket,Mangler du en smart og funktion,Mangler du en smart og funktion,1,1,Taxable Goods,"Catalog, Search",30,,,,119,Meta Title,"meta1, meta2, meta5",meta description,,,,,,,,,"5/28/17, 1:20 PM","5/28/17, 1:20 PM",,,Block after Info Column,,,,,,,,,,,Use config,,5,,100,0,1,0,0,1,1,0,0,1,1,,1,0,1,1,0,1,0,0,0,111,,111,,111,,,,,,,,,,,,
230,,Default,simple,"Default Category/Gear,Default Category/Gear/Fitness Equipment",base,Bluser,Gul,XL,PS17,Dam, du kldt p til sommeren? bliv det ,yolotest,Nike Sportswear Advance 15 Jacket, du kldt p til sommeren? bliv det , du kldt p til sommeren? bliv det ,1,1,Taxable Goods,"Catalog, Search",100,,,,120,Meta Title,"meta1, meta2, meta5",meta description,,,,,,,,,"5/28/17, 1:20 PM","5/28/17, 1:20 PM",,,Block after Info Column,,,,,,,,,,,Use config,,5,,100,0,1,0,0,1,1,0,0,1,1,,1,0,1,1,0,1,0,0,0,111,,111,,111,,,,,,,,,,,,
231,,Default,simple,"Default Category/Gear,Default Category/Gear/Fitness Equipment",base,T-shirts,Sort,S,PS17,Mand,Highland Park Highland Park Distillery blev grun,yolotest,Tenson Northpole Jacket,Highland Park Highland Park Distillery blev grun,Highland Park Highland Park Distillery blev grun,1,1,Taxable Goods,"Catalog, Search",50,,,,121,Meta Title,"meta1, meta2, meta5",meta description,,,,,,,,,"5/28/17, 1:20 PM","5/28/17, 1:20 PM",,,Block after Info Column,,,,,,,,,,,Use config,,8,,100,0,1,0,0,1,1,0,0,1,1,,1,0,1,1,0,1,0,0,0,111,,111,,111,,,,,,,,,,,,
232,,Default,simple,"Default Category/Gear,Default Category/Gear/Fitness Equipment",base,T-shirts,Red,L,PS17,Mand,LOral - Glam Nude BB Cream Fugtgivende hu,yolotest,Nike Sportswear Varsity Jacket,LOral - Glam Nude BB Cream Fugtgivende hu,LOral - Glam Nude BB Cream Fugtgivende hu,1,1,Taxable Goods,"Catalog, Search",75,,,,122,Meta Title,"meta1, meta2, meta5",meta description,,,,,,,,,"5/28/17, 1:20 PM","5/28/17, 1:20 PM",,,Block after Info Column,,,,,,,,,,,Use config,,2,,100,0,1,0,0,1,1,0,0,1,1,,1,0,1,1,0,1,0,0,0,111,,111,,111,,,,,,,,,,,,
233,,Default,simple,"Default Category/Gear,Default Category/Gear/Fitness Equipment",base,Badetooj,Red,XL,PS17,Dame,hej,yolotest,Hummel Sylvester Softshell Jacket,hej,hej,1,1,Taxable Goods,"Catalog, Search",75,,,,123,Meta Title,"meta1, meta2, meta5",meta description,,,,,,,,,"5/28/17, 1:20 PM","5/28/17, 1:20 PM",,,Block after Info Column,,,,,,,,,,,Use config,,7,,100,0,1,0,0,1,1,0,0,1,1,,1,0,1,1,0,1,0,0,0,111,,111,,111,,,,,,,,,,,,
234,,Default,simple,"Default Category/Gear,Default Category/Gear/Fitness Equipment",base,Bluser,Blue,M,PS17,Dame,Mangler du en smart og funktion,yolotest,Hummel Mina Softshell Jacket,Mangler du en smart og funktion,Mangler du en smart og funktion,1,1,Taxable Goods,"Catalog, Search",75,,,,124,Meta Title,"meta1, meta2, meta5",meta description,,,,,,,,,"5/28/17, 1:20 PM","5/28/17, 1:20 PM",,,Block after Info Column,,,,,,,,,,,Use config,,11,,100,0,1,0,0,1,1,0,0,1,1,,1,0,1,1,0,1,0,0,0,111,,111,,111,,,,,,,,,,,,
235,,Default,simple,"Default Category/Gear,Default Category/Gear/Fitness Equipment",base,Bukser,Gul,L,PS17,Mand, du kldt p til sommeren? bliv det ,yolotest,Nike Sportswear Advance 15 Jacket, du kldt p til sommeren? bliv det , du kldt p til sommeren? bliv det ,1,1,Taxable Goods,"Catalog, Search",100,,,,125,Meta Title,"meta1, meta2, meta5",meta description,,,,,,,,,"5/28/17, 1:20 PM","5/28/17, 1:20 PM",,,Block after Info Column,,,,,,,,,,,Use config,,15,,100,0,1,0,0,1,1,0,0,1,1,,1,0,1,1,0,1,0,0,0,111,,111,,111,,,,,,,,,,,,
236,,Default,simple,"Default Category/Gear,Default Category/Gear/Fitness Equipment",base,Bukser,Sort,M,PS17,Dame,Highland Park Highland Park Distillery blev grun,yolotest,Tenson Northpole Jacket,Highland Park Highland Park Distillery blev grun,Highland Park Highland Park Distillery blev grun,1,1,Taxable Goods,"Catalog, Search",50,,,,126,Meta Title,"meta1, meta2, meta5",meta description,,,,,,,,,"5/28/17, 1:20 PM","5/28/17, 1:20 PM",,,Block after Info Column,,,,,,,,,,,Use config,,1,,100,0,1,0,0,1,1,0,0,1,1,,1,0,1,1,0,1,0,0,0,111,,111,,111,,,,,,,,,,,,
237,,Default,simple,"Default Category/Gear,Default Category/Gear/Fitness Equipment",base,Jakker,Red,S,PS17,Mand,LOral - Glam Nude BB Cream Fugtgivende hu,yolotest,Nike Sportswear Varsity Jacket,LOral - Glam Nude BB Cream Fugtgivende hu,LOral - Glam Nude BB Cream Fugtgivende hu,1,1,Taxable Goods,"Catalog, Search",150,,,,127,Meta Title,"meta1, meta2, meta5",meta description,,,,,,,,,"5/28/17, 1:20 PM","5/28/17, 1:20 PM",,,Block after Info Column,,,,,,,,,,,Use config,,3,,100,0,1,0,0,1,1,0,0,1,1,,1,0,1,1,0,1,0,0,0,111,,111,,111,,,,,,,,,,,,
238,,Default,simple,"Default Category/Gear,Default Category/Gear/Fitness Equipment",base,Bluser,Red,M,MS17,Mand,hej,yolotest,Hummel Sylvester Softshell Jacket,hej,hej,1,1,Taxable Goods,"Catalog, Search",200,,,,128,Meta Title,"meta1, meta2, meta5",meta description,,,,,,,,,"5/28/17, 1:20 PM","5/28/17, 1:20 PM",,,Block after Info Column,,,,,,,,,,,Use config,,7,,100,0,1,0,0,1,1,0,0,1,1,,1,0,1,1,0,1,0,0,0,111,,111,,111,,,,,,,,,,,,
239,,Default,simple,"Default Category/Gear,Default Category/Gear/Fitness Equipment",base,T-shirts,Blue,M,MS17,Mand,Mangler du en smart og funktion,yolotest,Hummel Mina Softshell Jacket,Mangler du en smart og funktion,Mangler du en smart og funktion,1,1,Taxable Goods,"Catalog, Search",70,,,,129,Meta Title,"meta1, meta2, meta5",meta description,,,,,,,,,"5/28/17, 1:20 PM","5/28/17, 1:20 PM",,,Block after Info Column,,,,,,,,,,,Use config,,9,,100,0,1,0,0,1,1,0,0,1,1,,1,0,1,1,0,1,0,0,0,111,,111,,111,,,,,,,,,,,,
240,,Default,simple,"Default Category/Gear,Default Category/Gear/Fitness Equipment",base,T-shirts,Gul,L,MS17,Mand, du kldt p til sommeren? bliv det ,yolotest,Nike Sportswear Advance 15 Jacket, du kldt p til sommeren? bliv det , du kldt p til sommeren? bliv det ,1,1,Taxable Goods,"Catalog, Search",70,,,,130,Meta Title,"meta1, meta2, meta5",meta description,,,,,,,,,"5/28/17, 1:20 PM","5/28/17, 1:20 PM",,,Block after Info Column,,,,,,,,,,,Use config,,4,,100,0,1,0,0,1,1,0,0,1,1,,1,0,1,1,0,1,0,0,0,111,,111,,111,,,,,,,,,,,,
241,,Default,simple,"Default Category/Gear,Default Category/Gear/Fitness Equipment",base,Badetooj,Sort,M,MS17,Dame,Highland Park Highland Park Distillery blev grun,yolotest,Tenson Northpole Jacket,Highland Park Highland Park Distillery blev grun,Highland Park Highland Park Distillery blev grun,1,1,Taxable Goods,"Catalog, Search",70,,,,131,Meta Title,"meta1, meta2, meta5",meta description,,,,,,,,,"5/28/17, 1:20 PM","5/28/17, 1:20 PM",,,Block after Info Column,,,,,,,,,,,Use config,,3,,100,0,1,0,0,1,1,0,0,1,1,,1,0,1,1,0,1,0,0,0,111,,111,,111,,,,,,,,,,,,
242,,Default,simple,"Default Category/Gear,Default Category/Gear/Fitness Equipment",base,Jakker,Red,S,MS17,Dame,LOral - Glam Nude BB Cream Fugtgivende hu,yolotest,Nike Sportswear Varsity Jacket,LOral - Glam Nude BB Cream Fugtgivende hu,LOral - Glam Nude BB Cream Fugtgivende hu,1,1,Taxable Goods,"Catalog, Search",69,,,,132,Meta Title,"meta1, meta2, meta5",meta description,,,,,,,,,"5/28/17, 1:20 PM","5/28/17, 1:20 PM",,,Block after Info Column,,,,,,,,,,,Use config,,2,,100,0,1,0,0,1,1,0,0,1,1,,1,0,1,1,0,1,0,0,0,111,,111,,111,,,,,,,,,,,,
243,,Default,simple,"Default Category/Gear,Default Category/Gear/Fitness Equipment",base,Jakker,Red,M,MS17,Mand,hej,yolotest,Hummel Sylvester Softshell Jacket,hej,hej,1,1,Taxable Goods,"Catalog, Search",30,,,,133,Meta Title,"meta1, meta2, meta5",meta description,,,,,,,,,"5/28/17, 1:20 PM","5/28/17, 1:20 PM",,,Block after Info Column,,,,,,,,,,,Use config,,56,,100,0,1,0,0,1,1,0,0,1,1,,1,0,1,1,0,1,0,0,0,111,,111,,111,,,,,,,,,,,,
244,,Default,simple,"Default Category/Gear,Default Category/Gear/Fitness Equipment",base,Bukser,Blue,XL,MS17,Dame,Mangler du en smart og funktion,yolotest,Hummel Mina Softshell Jacket,Mangler du en smart og funktion,Mangler du en smart og funktion,1,1,Taxable Goods,"Catalog, Search",30,,,,134,Meta Title,"meta1, meta2, meta5",meta description,,,,,,,,,"5/28/17, 1:20 PM","5/28/17, 1:20 PM",,,Block after Info Column,,,,,,,,,,,Use config,,4,,100,0,1,0,0,1,1,0,0,1,1,,1,0,1,1,0,1,0,0,0,111,,111,,111,,,,,,,,,,,,
245,,Default,simple,"Default Category/Gear,Default Category/Gear/Fitness Equipment",base,Bluser,Gul,S,MS17,Dame, du kldt p til sommeren? bliv det ,yolotest,Nike Sportswear Advance 15 Jacket, du kldt p til sommeren? bliv det , du kldt p til sommeren? bliv det ,1,1,Taxable Goods,"Catalog, Search",130,,,,135,Meta Title,"meta1, meta2, meta5",meta description,,,,,,,,,"5/28/17, 1:20 PM","5/28/17, 1:20 PM",,,Block after Info Column,,,,,,,,,,,Use config,,8,,100,0,1,0,0,1,1,0,0,1,1,,1,0,1,1,0,1,0,0,0,111,,111,,111,,,,,,,,,,,,
246,,Default,simple,"Default Category/Gear,Default Category/Gear/Fitness Equipment",base,Kjoler,Sort,S,MS17,Mand,Highland Park Highland Park Distillery blev grun,yolotest,Tenson Northpole Jacket,Highland Park Highland Park Distillery blev grun,Highland Park Highland Park Distillery blev grun,1,1,Taxable Goods,"Catalog, Search",15,,,,136,Meta Title,"meta1, meta2, meta5",meta description,,,,,,,,,"5/28/17, 1:20 PM","5/28/17, 1:20 PM",,,Block after Info Column,,,,,,,,,,,Use config,,4,,100,0,1,0,0,1,1,0,0,1,1,,1,0,1,1,0,1,0,0,0,111,,111,,111,,,,,,,,,,,,
247,,Default,simple,"Default Category/Gear,Default Category/Gear/Fitness Equipment",base,Shorts,Red,L,MS17,Dame,LOral - Glam Nude BB Cream Fugtgivende hu,yolotest,Nike Sportswear Varsity Jacket,LOral - Glam Nude BB Cream Fugtgivende hu,LOral - Glam Nude BB Cream Fugtgivende hu,1,1,Taxable Goods,"Catalog, Search",58,,,,137,Meta Title,"meta1, meta2, meta5",meta description,,,,,,,,,"5/28/17, 1:20 PM","5/28/17, 1:20 PM",,,Block after Info Column,,,,,,,,,,,Use config,,11,,100,0,1,0,0,1,1,0,0,1,1,,1,0,1,1,0,1,0,0,0,111,,111,,111,,,,,,,,,,,,
248,,Default,simple,"Default Category/Gear,Default Category/Gear/Fitness Equipment",base,Shorts,Red,XS,MS17,Mand,hej,yolotest,Hummel Sylvester Softshell Jacket,hej,hej,1,1,Taxable Goods,"Catalog, Search",60,,,,138,Meta Title,"meta1, meta2, meta5",meta description,,,,,,,,,"5/28/17, 1:20 PM","5/28/17, 1:20 PM",,,Block after Info Column,,,,,,,,,,,Use config,,8,,100,0,1,0,0,1,1,0,0,1,1,,1,0,1,1,0,1,0,0,0,111,,111,,111,,,,,,,,,,,,
249,,Default,simple,"Default Category/Gear,Default Category/Gear/Fitness Equipment",base,Kjoler,Blue,XS,MS17,Dame,Mangler du en smart og funktion,yolotest,Hummel Mina Softshell Jacket,Mangler du en smart og funktion,Mangler du en smart og funktion,1,1,Taxable Goods,"Catalog, Search",95,,,,139,Meta Title,"meta1, meta2, meta5",meta description,,,,,,,,,"5/28/17, 1:20 PM","5/28/17, 1:20 PM",,,Block after Info Column,,,,,,,,,,,Use config,,2,,100,0,1,0,0,1,1,0,0,1,1,,1,0,1,1,0,1,0,0,0,111,,111,,111,,,,,,,,,,,,
250,,Default,simple,"Default Category/Gear,Default Category/Gear/Fitness Equipment",base,Jakker,Gul,L,HS17,Dame, du kldt p til sommeren? bliv det ,yolotest,Nike Sportswear Advance 15 Jacket, du kldt p til sommeren? bliv det , du kldt p til sommeren? bliv det ,1,1,Taxable Goods,"Catalog, Search",100,,,,140,Meta Title,"meta1, meta2, meta5",meta description,,,,,,,,,"5/28/17, 1:20 PM","5/28/17, 1:20 PM",,,Block after Info Column,,,,,,,,,,,Use config,,7,,100,0,1,0,0,1,1,0,0,1,1,,1,0,1,1,0,1,0,0,0,111,,111,,111,,,,,,,,,,,,
251,,Default,simple,"Default Category/Gear,Default Category/Gear/Fitness Equipment",base,Jakker,Sort,S,HS17,Mand,Highland Park Highland Park Distillery blev grun,yolotest,Tenson Northpole Jacket,Highland Park Highland Park Distillery blev grun,Highland Park Highland Park Distillery blev grun,1,1,Taxable Goods,"Catalog, Search",50,,,,141,Meta Title,"meta1, meta2, meta5",meta description,,,,,,,,,"5/28/17, 1:20 PM","5/28/17, 1:20 PM",,,Block after Info Column,,,,,,,,,,,Use config,,11,,100,0,1,0,0,1,1,0,0,1,1,,1,0,1,1,0,1,0,0,0,111,,111,,111,,,,,,,,,,,,
252,,Default,simple,"Default Category/Gear,Default Category/Gear/Fitness Equipment",base,Jakker,Red,S,MS17,Dame,LOral - Glam Nude BB Cream Fugtgivende hu,yolotest,Nike Sportswear Varsity Jacket,LOral - Glam Nude BB Cream Fugtgivende hu,LOral - Glam Nude BB Cream Fugtgivende hu,1,1,Taxable Goods,"Catalog, Search",75,,,,142,Meta Title,"meta1, meta2, meta5",meta description,,,,,,,,,"5/28/17, 1:20 PM","5/28/17, 1:20 PM",,,Block after Info Column,,,,,,,,,,,Use config,,15,,100,0,1,0,0,1,1,0,0,1,1,,1,0,1,1,0,1,0,0,0,111,,111,,111,,,,,,,,,,,,
253,,Default,simple,"Default Category/Gear,Default Category/Gear/Fitness Equipment",base,Bukser,Red,L,MS17,Mand,hej,yolotest,Hummel Sylvester Softshell Jacket,hej,hej,1,1,Taxable Goods,"Catalog, Search",75,,,,143,Meta Title,"meta1, meta2, meta5",meta description,,,,,,,,,"5/28/17, 1:20 PM","5/28/17, 1:20 PM",,,Block after Info Column,,,,,,,,,,,Use config,,1,,100,0,1,0,0,1,1,0,0,1,1,,1,0,1,1,0,1,0,0,0,111,,111,,111,,,,,,,,,,,,
254,,Default,simple,"Default Category/Gear,Default Category/Gear/Fitness Equipment",base,Bluser,Blue,S,MS17,Mand,Mangler du en smart og funktion,yolotest,Hummel Mina Softshell Jacket,Mangler du en smart og funktion,Mangler du en smart og funktion,1,1,Taxable Goods,"Catalog, Search",75,,,,144,Meta Title,"meta1, meta2, meta5",meta description,,,,,,,,,"5/28/17, 1:20 PM","5/28/17, 1:20 PM",,,Block after Info Column,,,,,,,,,,,Use config,,3,,100,0,1,0,0,1,1,0,0,1,1,,1,0,1,1,0,1,0,0,0,111,,111,,111,,,,,,,,,,,,
255,,Default,simple,"Default Category/Gear,Default Category/Gear/Fitness Equipment",base,Kjoler,Gul,M,MS17,Dame, du kldt p til sommeren? bliv det ,yolotest,Nike Sportswear Advance 15 Jacket, du kldt p til sommeren? bliv det , du kldt p til sommeren? bliv det ,1,1,Taxable Goods,"Catalog, Search",100,,,,145,Meta Title,"meta1, meta2, meta5",meta description,,,,,,,,,"5/28/17, 1:20 PM","5/28/17, 1:20 PM",,,Block after Info Column,,,,,,,,,,,Use config,,7,,100,0,1,0,0,1,1,0,0,1,1,,1,0,1,1,0,1,0,0,0,111,,111,,111,,,,,,,,,,,,
256,,Default,simple,"Default Category/Gear,Default Category/Gear/Fitness Equipment",base,Shorts,Sort,M,MS17,Dame,Highland Park Highland Park Distillery blev grun,yolotest,Tenson Northpole Jacket,Highland Park Highland Park Distillery blev grun,Highland Park Highland Park Distillery blev grun,1,1,Taxable Goods,"Catalog, Search",50,,,,146,Meta Title,"meta1, meta2, meta5",meta description,,,,,,,,,"5/28/17, 1:20 PM","5/28/17, 1:20 PM",,,Block after Info Column,,,,,,,,,,,Use config,,9,,100,0,1,0,0,1,1,0,0,1,1,,1,0,1,1,0,1,0,0,0,111,,111,,111,,,,,,,,,,,,
257,,Default,simple,"Default Category/Gear,Default Category/Gear/Fitness Equipment",base,Shorts,Red,M,MS17,Mand,LOral - Glam Nude BB Cream Fugtgivende hu,yolotest,Nike Sportswear Varsity Jacket,LOral - Glam Nude BB Cream Fugtgivende hu,LOral - Glam Nude BB Cream Fugtgivende hu,1,1,Taxable Goods,"Catalog, Search",150,,,,147,Meta Title,"meta1, meta2, meta5",meta description,,,,,,,,,"5/28/17, 1:20 PM","5/28/17, 1:20 PM",,,Block after Info Column,,,,,,,,,,,Use config,,4,,100,0,1,0,0,1,1,0,0,1,1,,1,0,1,1,0,1,0,0,0,111,,111,,111,,,,,,,,,,,,
258,,Default,simple,"Default Category/Gear,Default Category/Gear/Fitness Equipment",base,Kjoler,Red,M,MS17,Dame,hej,yolotest,Hummel Sylvester Softshell Jacket,hej,hej,1,1,Taxable Goods,"Catalog, Search",200,,,,148,Meta Title,"meta1, meta2, meta5",meta description,,,,,,,,,"5/28/17, 1:20 PM","5/28/17, 1:20 PM",,,Block after Info Column,,,,,,,,,,,Use config,,3,,100,0,1,0,0,1,1,0,0,1,1,,1,0,1,1,0,1,0,0,0,111,,111,,111,,,,,,,,,,,,
259,,Default,simple,"Default Category/Gear,Default Category/Gear/Fitness Equipment",base,Jakker,Blue,XL,MS17,Mand,Mangler du en smart og funktion,yolotest,Hummel Mina Softshell Jacket,Mangler du en smart og funktion,Mangler du en smart og funktion,1,1,Taxable Goods,"Catalog, Search",70,,,,149,Meta Title,"meta1, meta2, meta5",meta description,,,,,,,,,"5/28/17, 1:20 PM","5/28/17, 1:20 PM",,,Block after Info Column,,,,,,,,,,,Use config,,2,,100,0,1,0,0,1,1,0,0,1,1,,1,0,1,1,0,1,0,0,0,111,,111,,111,,,,,,,,,,,,
260,,Default,simple,"Default Category/Gear,Default Category/Gear/Fitness Equipment",base,Bluser,Gul,S,MS17,Mand, du kldt p til sommeren? bliv det ,yolotest,Nike Sportswear Advance 15 Jacket, du kldt p til sommeren? bliv det , du kldt p til sommeren? bliv det ,1,1,Taxable Goods,"Catalog, Search",70,,,,150,Meta Title,"meta1, meta2, meta5",meta description,,,,,,,,,"5/28/17, 1:20 PM","5/28/17, 1:20 PM",,,Block after Info Column,,,,,,,,,,,Use config,,56,,100,0,1,0,0,1,1,0,0,1,1,,1,0,1,1,0,1,0,0,0,111,,111,,111,,,,,,,,,,,,
261,,Default,simple,"Default Category/Gear,Default Category/Gear/Fitness Equipment",base,T-shirts,Sort,L,HS17,Mand,Highland Park Highland Park Distillery blev grun,yolotest,Tenson Northpole Jacket,Highland Park Highland Park Distillery blev grun,Highland Park Highland Park Distillery blev grun,1,1,Taxable Goods,"Catalog, Search",70,,,,151,Meta Title,"meta1, meta2, meta5",meta description,,,,,,,,,"5/28/17, 1:20 PM","5/28/17, 1:20 PM",,,Block after Info Column,,,,,,,,,,,Use config,,4,,100,0,1,0,0,1,1,0,0,1,1,,1,0,1,1,0,1,0,0,0,111,,111,,111,,,,,,,,,,,,
262,,Default,simple,"Default Category/Gear,Default Category/Gear/Fitness Equipment",base,T-shirts,Red,L,HS17,Mand,LOral - Glam Nude BB Cream Fugtgivende hu,yolotest,Nike Sportswear Varsity Jacket,LOral - Glam Nude BB Cream Fugtgivende hu,LOral - Glam Nude BB Cream Fugtgivende hu,1,1,Taxable Goods,"Catalog, Search",69,,,,152,Meta Title,"meta1, meta2, meta5",meta description,,,,,,,,,"5/28/17, 1:20 PM","5/28/17, 1:20 PM",,,Block after Info Column,,,,,,,,,,,Use config,,8,,100,0,1,0,0,1,1,0,0,1,1,,1,0,1,1,0,1,0,0,0,111,,111,,111,,,,,,,,,,,,
263,,Default,simple,"Default Category/Gear,Default Category/Gear/Fitness Equipment",base,Badetooj,Red,L,MS17,Dame,hej,yolotest,Hummel Sylvester Softshell Jacket,hej,hej,1,1,Taxable Goods,"Catalog, Search",30,,,,153,Meta Title,"meta1, meta2, meta5",meta description,,,,,,,,,"5/28/17, 1:20 PM","5/28/17, 1:20 PM",,,Block after Info Column,,,,,,,,,,,Use config,,9,,100,0,1,0,0,1,1,0,0,1,1,,1,0,1,1,0,1,0,0,0,111,,111,,111,,,,,,,,,,,,
264,,Default,simple,"Default Category/Gear,Default Category/Gear/Fitness Equipment",base,Bluser,Blue,S,MS17,Dame,Mangler du en smart og funktion,yolotest,Hummel Mina Softshell Jacket,Mangler du en smart og funktion,Mangler du en smart og funktion,1,1,Taxable Goods,"Catalog, Search",30,,,,154,Meta Title,"meta1, meta2, meta5",meta description,,,,,,,,,"5/28/17, 1:20 PM","5/28/17, 1:20 PM",,,Block after Info Column,,,,,,,,,,,Use config,,7,,100,0,1,0,0,1,1,0,0,1,1,,1,0,1,1,0,1,0,0,0,111,,111,,111,,,,,,,,,,,,
265,,Default,simple,"Default Category/Gear,Default Category/Gear/Fitness Equipment",base,Bukser,Gul,M,MS17,Mand, du kldt p til sommeren? bliv det ,yolotest,Nike Sportswear Advance 15 Jacket, du kldt p til sommeren? bliv det , du kldt p til sommeren? bliv det ,1,1,Taxable Goods,"Catalog, Search",100,,,,155,Meta Title,"meta1, meta2, meta5",meta description,,,,,,,,,"5/28/17, 1:20 PM","5/28/17, 1:20 PM",,,Block after Info Column,,,,,,,,,,,Use config,,8,,100,0,1,0,0,1,1,0,0,1,1,,1,0,1,1,0,1,0,0,0,111,,111,,111,,,,,,,,,,,,
266,,Default,simple,"Default Category/Gear,Default Category/Gear/Fitness Equipment",base,Bukser,Sort,M,MS17,Dame,Highland Park Highland Park Distillery blev grun,yolotest,Tenson Northpole Jacket,Highland Park Highland Park Distillery blev grun,Highland Park Highland Park Distillery blev grun,1,1,Taxable Goods,"Catalog, Search",50,,,,156,Meta Title,"meta1, meta2, meta5",meta description,,,,,,,,,"5/28/17, 1:20 PM","5/28/17, 1:20 PM",,,Block after Info Column,,,,,,,,,,,Use config,,2,,100,0,1,0,0,1,1,0,0,1,1,,1,0,1,1,0,1,0,0,0,111,,111,,111,,,,,,,,,,,,
267,,Default,simple,"Default Category/Gear,Default Category/Gear/Fitness Equipment",base,Jakker,Red,L,MS17,Dame,LOral - Glam Nude BB Cream Fugtgivende hu,yolotest,Nike Sportswear Varsity Jacket,LOral - Glam Nude BB Cream Fugtgivende hu,LOral - Glam Nude BB Cream Fugtgivende hu,1,1,Taxable Goods,"Catalog, Search",75,,,,157,Meta Title,"meta1, meta2, meta5",meta description,,,,,,,,,"5/28/17, 1:20 PM","5/28/17, 1:20 PM",,,Block after Info Column,,,,,,,,,,,Use config,,1,,100,0,1,0,0,1,1,0,0,1,1,,1,0,1,1,0,1,0,0,0,111,,111,,111,,,,,,,,,,,,
268,,Default,simple,"Default Category/Gear,Default Category/Gear/Fitness Equipment",base,Kjoler,Red,S,MS17,Mand,hej,yolotest,Hummel Sylvester Softshell Jacket,hej,hej,1,1,Taxable Goods,"Catalog, Search",75,,,,158,Meta Title,"meta1, meta2, meta5",meta description,,,,,,,,,"5/28/17, 1:20 PM","5/28/17, 1:20 PM",,,Block after Info Column,,,,,,,,,,,Use config,,11,,100,0,1,0,0,1,1,0,0,1,1,,1,0,1,1,0,1,0,0,0,111,,111,,111,,,,,,,,,,,,
269,,Default,simple,"Default Category/Gear,Default Category/Gear/Fitness Equipment",base,Jakker,Blue,M,MS17,Dame,Mangler du en smart og funktion,yolotest,Hummel Mina Softshell Jacket,Mangler du en smart og funktion,Mangler du en smart og funktion,1,1,Taxable Goods,"Catalog, Search",75,,,,159,Meta Title,"meta1, meta2, meta5",meta description,,,,,,,,,"5/28/17, 1:20 PM","5/28/17, 1:20 PM",,,Block after Info Column,,,,,,,,,,,Use config,,1,,100,0,1,0,0,1,1,0,0,1,1,,1,0,1,1,0,1,0,0,0,111,,111,,111,,,,,,,,,,,,
270,,Default,simple,"Default Category/Gear,Default Category/Gear/Fitness Equipment",base,Bluser,Gul,L,MS17,Dame, du kldt p til sommeren? bliv det ,yolotest,Nike Sportswear Advance 15 Jacket, du kldt p til sommeren? bliv det , du kldt p til sommeren? bliv det ,1,1,Taxable Goods,"Catalog, Search",100,,,,160,Meta Title,"meta1, meta2, meta5",meta description,,,,,,,,,"5/28/17, 1:20 PM","5/28/17, 1:20 PM",,,Block after Info Column,,,,,,,,,,,Use config,,3,,100,0,1,0,0,1,1,0,0,1,1,,1,0,1,1,0,1,0,0,0,111,,111,,111,,,,,,,,,,,,
271,,Default,simple,"Default Category/Gear,Default Category/Gear/Fitness Equipment",base,T-shirts,Sort,S,MS17,Mand,Highland Park Highland Park Distillery blev grun,yolotest,Tenson Northpole Jacket,Highland Park Highland Park Distillery blev grun,Highland Park Highland Park Distillery blev grun,1,1,Taxable Goods,"Catalog, Search",50,,,,161,Meta Title,"meta1, meta2, meta5",meta description,,,,,,,,,"5/28/17, 1:20 PM","5/28/17, 1:20 PM",,,Block after Info Column,,,,,,,,,,,Use config,,6,,100,0,1,0,0,1,1,0,0,1,1,,1,0,1,1,0,1,0,0,0,111,,111,,111,,,,,,,,,,,,
272,,Default,simple,"Default Category/Gear,Default Category/Gear/Fitness Equipment",base,T-shirts,Red,L,HS17,Dame,LOral - Glam Nude BB Cream Fugtgivende hu,yolotest,Nike Sportswear Varsity Jacket,LOral - Glam Nude BB Cream Fugtgivende hu,LOral - Glam Nude BB Cream Fugtgivende hu,1,1,Taxable Goods,"Catalog, Search",150,,,,162,Meta Title,"meta1, meta2, meta5",meta description,,,,,,,,,"5/28/17, 1:20 PM","5/28/17, 1:20 PM",,,Block after Info Column,,,,,,,,,,,Use config,,9,,100,0,1,0,0,1,1,0,0,1,1,,1,0,1,1,0,1,0,0,0,111,,111,,111,,,,,,,,,,,,
273,,Default,simple,"Default Category/Gear,Default Category/Gear/Fitness Equipment",base,Badetooj,Red,M,HS17,Dame,hej,yolotest,Hummel Sylvester Softshell Jacket,hej,hej,1,1,Taxable Goods,"Catalog, Search",200,,,,163,Meta Title,"meta1, meta2, meta5",meta description,,,,,,,,,"5/28/17, 1:20 PM","5/28/17, 1:20 PM",,,Block after Info Column,,,,,,,,,,,Use config,,4,,100,0,1,0,0,1,1,0,0,1,1,,1,0,1,1,0,1,0,0,0,111,,111,,111,,,,,,,,,,,,
274,,Default,simple,"Default Category/Gear,Default Category/Gear/Fitness Equipment",base,Bluser,Blue,S,PS17,Mand,Mangler du en smart og funktion,yolotest,Hummel Mina Softshell Jacket,Mangler du en smart og funktion,Mangler du en smart og funktion,1,1,Taxable Goods,"Catalog, Search",70,,,,164,Meta Title,"meta1, meta2, meta5",meta description,,,,,,,,,"5/28/17, 1:20 PM","5/28/17, 1:20 PM",,,Block after Info Column,,,,,,,,,,,Use config,,5,,100,0,1,0,0,1,1,0,0,1,1,,1,0,1,1,0,1,0,0,0,111,,111,,111,,,,,,,,,,,,
275,,Default,simple,"Default Category/Gear,Default Category/Gear/Fitness Equipment",base,Bukser,Gul,XL,PS17,Dame, du kldt p til sommeren? bliv det ,yolotest,Nike Sportswear Advance 15 Jacket, du kldt p til sommeren? bliv det , du kldt p til sommeren? bliv det ,1,1,Taxable Goods,"Catalog, Search",70,,,,165,Meta Title,"meta1, meta2, meta5",meta description,,,,,,,,,"5/28/17, 1:20 PM","5/28/17, 1:20 PM",,,Block after Info Column,,,,,,,,,,,Use config,,5,,100,0,1,0,0,1,1,0,0,1,1,,1,0,1,1,0,1,0,0,0,111,,111,,111,,,,,,,,,,,,
276,,Default,simple,"Default Category/Gear,Default Category/Gear/Fitness Equipment",base,Bukser,Sort,S,PS17,Mand,Highland Park Highland Park Distillery blev grun,yolotest,Tenson Northpole Jacket,Highland Park Highland Park Distillery blev grun,Highland Park Highland Park Distillery blev grun,1,1,Taxable Goods,"Catalog, Search",70,,,,166,Meta Title,"meta1, meta2, meta5",meta description,,,,,,,,,"5/28/17, 1:20 PM","5/28/17, 1:20 PM",,,Block after Info Column,,,,,,,,,,,Use config,,8,,100,0,1,0,0,1,1,0,0,1,1,,1,0,1,1,0,1,0,0,0,111,,111,,111,,,,,,,,,,,,
277,,Default,simple,"Default Category/Gear,Default Category/Gear/Fitness Equipment",base,Bluser,Red,L,PS17,Mand,LOral - Glam Nude BB Cream Fugtgivende hu,yolotest,Nike Sportswear Varsity Jacket,LOral - Glam Nude BB Cream Fugtgivende hu,LOral - Glam Nude BB Cream Fugtgivende hu,1,1,Taxable Goods,"Catalog, Search",69,,,,167,Meta Title,"meta1, meta2, meta5",meta description,,,,,,,,,"5/28/17, 1:20 PM","5/28/17, 1:20 PM",,,Block after Info Column,,,,,,,,,,,Use config,,2,,100,0,1,0,0,1,1,0,0,1,1,,1,0,1,1,0,1,0,0,0,111,,111,,111,,,,,,,,,,,,
278,,Default,simple,"Default Category/Gear,Default Category/Gear/Fitness Equipment",base,T-shirts,Red,XL,PS17,Dame,hej,yolotest,Hummel Sylvester Softshell Jacket,hej,hej,1,1,Taxable Goods,"Catalog, Search",30,,,,168,Meta Title,"meta1, meta2, meta5",meta description,,,,,,,,,"5/28/17, 1:20 PM","5/28/17, 1:20 PM",,,Block after Info Column,,,,,,,,,,,Use config,,7,,100,0,1,0,0,1,1,0,0,1,1,,1,0,1,1,0,1,0,0,0,111,,111,,111,,,,,,,,,,,,
279,,Default,simple,"Default Category/Gear,Default Category/Gear/Fitness Equipment",base,Jakker,Blue,M,PS17,Dame,Mangler du en smart og funktion,yolotest,Hummel Mina Softshell Jacket,Mangler du en smart og funktion,Mangler du en smart og funktion,1,1,Taxable Goods,"Catalog, Search",150,,,,169,Meta Title,"meta1, meta2, meta5",meta description,,,,,,,,,"5/28/17, 1:20 PM","5/28/17, 1:20 PM",,,Block after Info Column,,,,,,,,,,,Use config,,11,,100,0,1,0,0,1,1,0,0,1,1,,1,0,1,1,0,1,0,0,0,111,,111,,111,,,,,,,,,,,,
280,,Default,simple,"Default Category/Gear,Default Category/Gear/Fitness Equipment",base,Jakker,Gul,L,PS17,Mand, du kldt p til sommeren? bliv det ,yolotest,Nike Sportswear Advance 15 Jacket, du kldt p til sommeren? bliv det , du kldt p til sommeren? bliv det ,1,1,Taxable Goods,"Catalog, Search",200,,,,170,Meta Title,"meta1, meta2, meta5",meta description,,,,,,,,,"5/28/17, 1:20 PM","5/28/17, 1:20 PM",,,Block after Info Column,,,,,,,,,,,Use config,,15,,100,0,1,0,0,1,1,0,0,1,1,,1,0,1,1,0,1,0,0,0,111,,111,,111,,,,,,,,,,,,
281,,Default,simple,"Default Category/Gear,Default Category/Gear/Fitness Equipment",base,Jakker,Sort,M,PS17,Dame,Highland Park Highland Park Distillery blev grun,yolotest,Tenson Northpole Jacket,Highland Park Highland Park Distillery blev grun,Highland Park Highland Park Distillery blev grun,1,1,Taxable Goods,"Catalog, Search",70,,,,171,Meta Title,"meta1, meta2, meta5",meta description,,,,,,,,,"5/28/17, 1:20 PM","5/28/17, 1:20 PM",,,Block after Info Column,,,,,,,,,,,Use config,,1,,100,0,1,0,0,1,1,0,0,1,1,,1,0,1,1,0,1,0,0,0,111,,111,,111,,,,,,,,,,,,
282,,Default,simple,"Default Category/Gear,Default Category/Gear/Fitness Equipment",base,Bukser,Red,S,PS17,Mand,LOral - Glam Nude BB Cream Fugtgivende hu,yolotest,Nike Sportswear Varsity Jacket,LOral - Glam Nude BB Cream Fugtgivende hu,LOral - Glam Nude BB Cream Fugtgivende hu,1,1,Taxable Goods,"Catalog, Search",70,,,,172,Meta Title,"meta1, meta2, meta5",meta description,,,,,,,,,"5/28/17, 1:20 PM","5/28/17, 1:20 PM",,,Block after Info Column,,,,,,,,,,,Use config,,3,,100,0,1,0,0,1,1,0,0,1,1,,1,0,1,1,0,1,0,0,0,111,,111,,111,,,,,,,,,,,,
283,,Default,simple,"Default Category/Gear,Default Category/Gear/Fitness Equipment",base,Bluser,Red,M,PS17,Mand,hej,yolotest,Hummel Sylvester Softshell Jacket,hej,hej,1,1,Taxable Goods,"Catalog, Search",70,,,,173,Meta Title,"meta1, meta2, meta5",meta description,,,,,,,,,"5/28/17, 1:20 PM","5/28/17, 1:20 PM",,,Block after Info Column,,,,,,,,,,,Use config,,7,,100,0,1,0,0,1,1,0,0,1,1,,1,0,1,1,0,1,0,0,0,111,,111,,111,,,,,,,,,,,,
284,,Default,simple,"Default Category/Gear,Default Category/Gear/Fitness Equipment",base,Kjoler,Blue,M,PS17,Mand,Mangler du en smart og funktion,yolotest,Hummel Mina Softshell Jacket,Mangler du en smart og funktion,Mangler du en smart og funktion,1,1,Taxable Goods,"Catalog, Search",69,,,,174,Meta Title,"meta1, meta2, meta5",meta description,,,,,,,,,"5/28/17, 1:20 PM","5/28/17, 1:20 PM",,,Block after Info Column,,,,,,,,,,,Use config,,9,,100,0,1,0,0,1,1,0,0,1,1,,1,0,1,1,0,1,0,0,0,111,,111,,111,,,,,,,,,,,,
285,,Default,simple,"Default Category/Gear,Default Category/Gear/Fitness Equipment",base,Shorts,Gul,L,PS17,Mand, du kldt p til sommeren? bliv det ,yolotest,Nike Sportswear Advance 15 Jacket, du kldt p til sommeren? bliv det , du kldt p til sommeren? bliv det ,1,1,Taxable Goods,"Catalog, Search",30,,,,175,Meta Title,"meta1, meta2, meta5",meta description,,,,,,,,,"5/28/17, 1:20 PM","5/28/17, 1:20 PM",,,Block after Info Column,,,,,,,,,,,Use config,,4,,100,0,1,0,0,1,1,0,0,1,1,,1,0,1,1,0,1,0,0,0,111,,111,,111,,,,,,,,,,,,
286,,Default,simple,"Default Category/Gear,Default Category/Gear/Fitness Equipment",base,Shorts,Sort,M,PS17,Dame,Highland Park Highland Park Distillery blev grun,yolotest,Tenson Northpole Jacket,Highland Park Highland Park Distillery blev grun,Highland Park Highland Park Distillery blev grun,1,1,Taxable Goods,"Catalog, Search",150,,,,176,Meta Title,"meta1, meta2, meta5",meta description,,,,,,,,,"5/28/17, 1:20 PM","5/28/17, 1:20 PM",,,Block after Info Column,,,,,,,,,,,Use config,,3,,100,0,1,0,0,1,1,0,0,1,1,,1,0,1,1,0,1,0,0,0,111,,111,,111,,,,,,,,,,,,
287,,Default,simple,"Default Category/Gear,Default Category/Gear/Fitness Equipment",base,Kjoler,Red,S,PS17,Dame,LOral - Glam Nude BB Cream Fugtgivende hu,yolotest,Nike Sportswear Varsity Jacket,LOral - Glam Nude BB Cream Fugtgivende hu,LOral - Glam Nude BB Cream Fugtgivende hu,1,1,Taxable Goods,"Catalog, Search",200,,,,177,Meta Title,"meta1, meta2, meta5",meta description,,,,,,,,,"5/28/17, 1:20 PM","5/28/17, 1:20 PM",,,Block after Info Column,,,,,,,,,,,Use config,,2,,100,0,1,0,0,1,1,0,0,1,1,,1,0,1,1,0,1,0,0,0,111,,111,,111,,,,,,,,,,,,
288,,Default,simple,"Default Category/Gear,Default Category/Gear/Fitness Equipment",base,Jakker,Red,M,PS17,Mand,hej,yolotest,Hummel Sylvester Softshell Jacket,hej,hej,1,1,Taxable Goods,"Catalog, Search",70,,,,178,Meta Title,"meta1, meta2, meta5",meta description,,,,,,,,,"5/28/17, 1:20 PM","5/28/17, 1:20 PM",,,Block after Info Column,,,,,,,,,,,Use config,,56,,100,0,1,0,0,1,1,0,0,1,1,,1,0,1,1,0,1,0,0,0,111,,111,,111,,,,,,,,,,,,
289,,Default,simple,"Default Category/Gear,Default Category/Gear/Fitness Equipment",base,Bluser,Blue,XL,PS17,Dame,Mangler du en smart og funktion,yolotest,Hummel Mina Softshell Jacket,Mangler du en smart og funktion,Mangler du en smart og funktion,1,1,Taxable Goods,"Catalog, Search",70,,,,179,Meta Title,"meta1, meta2, meta5",meta description,,,,,,,,,"5/28/17, 1:20 PM","5/28/17, 1:20 PM",,,Block after Info Column,,,,,,,,,,,Use config,,4,,100,0,1,0,0,1,1,0,0,1,1,,1,0,1,1,0,1,0,0,0,111,,111,,111,,,,,,,,,,,,
290,,Default,simple,"Default Category/Gear,Default Category/Gear/Fitness Equipment",base,T-shirts,Gul,S,PS17,Dame, du kldt p til sommeren? bliv det ,yolotest,Nike Sportswear Advance 15 Jacket, du kldt p til sommeren? bliv det , du kldt p til sommeren? bliv det ,1,1,Taxable Goods,"Catalog, Search",70,,,,180,Meta Title,"meta1, meta2, meta5",meta description,,,,,,,,,"5/28/17, 1:20 PM","5/28/17, 1:20 PM",,,Block after Info Column,,,,,,,,,,,Use config,,8,,100,0,1,0,0,1,1,0,0,1,1,,1,0,1,1,0,1,0,0,0,111,,111,,111,,,,,,,,,,,,
291,,Default,simple,"Default Category/Gear,Default Category/Gear/Fitness Equipment",base,T-shirts,Sort,S,PS17,Mand,Highland Park Highland Park Distillery blev grun,yolotest,Tenson Northpole Jacket,Highland Park Highland Park Distillery blev grun,Highland Park Highland Park Distillery blev grun,1,1,Taxable Goods,"Catalog, Search",69,,,,181,Meta Title,"meta1, meta2, meta5",meta description,,,,,,,,,"5/28/17, 1:20 PM","5/28/17, 1:20 PM",,,Block after Info Column,,,,,,,,,,,Use config,,6,,100,0,1,0,0,1,1,0,0,1,1,,1,0,1,1,0,1,0,0,0,111,,111,,111,,,,,,,,,,,,
292,,Default,simple,"Default Category/Gear,Default Category/Gear/Fitness Equipment",base,Badetooj,Red,L,PS17,Dame,LOral - Glam Nude BB Cream Fugtgivende hu,yolotest,Nike Sportswear Varsity Jacket,LOral - Glam Nude BB Cream Fugtgivende hu,LOral - Glam Nude BB Cream Fugtgivende hu,1,1,Taxable Goods,"Catalog, Search",30,,,,182,Meta Title,"meta1, meta2, meta5",meta description,,,,,,,,,"5/28/17, 1:20 PM","5/28/17, 1:20 PM",,,Block after Info Column,,,,,,,,,,,Use config,,11,,100,0,1,0,0,1,1,0,0,1,1,,1,0,1,1,0,1,0,0,0,111,,111,,111,,,,,,,,,,,,
293,,Default,simple,"Default Category/Gear,Default Category/Gear/Fitness Equipment",base,Bluser,Red,XS,PS17,Dame,hej,yolotest,Hummel Sylvester Softshell Jacket,hej,hej,1,1,Taxable Goods,"Catalog, Search",69,,,,183,Meta Title,"meta1, meta2, meta5",meta description,,,,,,,,,"5/28/17, 1:20 PM","5/28/17, 1:20 PM",,,Block after Info Column,,,,,,,,,,,Use config,,8,,100,0,1,0,0,1,1,0,0,1,1,,1,0,1,1,0,1,0,0,0,111,,111,,111,,,,,,,,,,,,
294,,Default,simple,"Default Category/Gear,Default Category/Gear/Fitness Equipment",base,Bukser,Blue,XS,PS17,Dame,Mangler du en smart og funktion,yolotest,Hummel Mina Softshell Jacket,Mangler du en smart og funktion,Mangler du en smart og funktion,1,1,Taxable Goods,"Catalog, Search",30,,,,184,Meta Title,"meta1, meta2, meta5",meta description,,,,,,,,,"5/28/17, 1:20 PM","5/28/17, 1:20 PM",,,Block after Info Column,,,,,,,,,,,Use config,,9,,100,0,1,0,0,1,1,0,0,1,1,,1,0,1,1,0,1,0,0,0,111,,111,,111,,,,,,,,,,,,
295,,Default,simple,"Default Category/Gear,Default Category/Gear/Fitness Equipment",base,Bukser,Gul,L,PS17,Mand, du kldt p til sommeren? bliv det ,yolotest,Nike Sportswear Advance 15 Jacket, du kldt p til sommeren? bliv det , du kldt p til sommeren? bliv det ,1,1,Taxable Goods,"Catalog, Search",30,,,,185,Meta Title,"meta1, meta2, meta5",meta description,,,,,,,,,"5/28/17, 1:20 PM","5/28/17, 1:20 PM",,,Block after Info Column,,,,,,,,,,,Use config,,7,,100,0,1,0,0,1,1,0,0,1,1,,1,0,1,1,0,1,0,0,0,111,,111,,111,,,,,,,,,,,,
296,,Default,simple,"Default Category/Gear,Default Category/Gear/Fitness Equipment",base,Bluser,Sort,S,PS17,Dame,Highland Park Highland Park Distillery blev grun,yolotest,Tenson Northpole Jacket,Highland Park Highland Park Distillery blev grun,Highland Park Highland Park Distillery blev grun,1,1,Taxable Goods,"Catalog, Search",100,,,,186,Meta Title,"meta1, meta2, meta5",meta description,,,,,,,,,"5/28/17, 1:20 PM","5/28/17, 1:20 PM",,,Block after Info Column,,,,,,,,,,,Use config,,8,,100,0,1,0,0,1,1,0,0,1,1,,1,0,1,1,0,1,0,0,0,111,,111,,111,,,,,,,,,,,,
297,,Default,simple,"Default Category/Gear,Default Category/Gear/Fitness Equipment",base,T-shirts,Red,S,PS17,Mand,LOral - Glam Nude BB Cream Fugtgivende hu,yolotest,Nike Sportswear Varsity Jacket,LOral - Glam Nude BB Cream Fugtgivende hu,LOral - Glam Nude BB Cream Fugtgivende hu,1,1,Taxable Goods,"Catalog, Search",50,,,,187,Meta Title,"meta1, meta2, meta5",meta description,,,,,,,,,"5/28/17, 1:20 PM","5/28/17, 1:20 PM",,,Block after Info Column,,,,,,,,,,,Use config,,2,,100,0,1,0,0,1,1,0,0,1,1,,1,0,1,1,0,1,0,0,0,111,,111,,111,,,,,,,,,,,,
298,,Default,simple,"Default Category/Gear,Default Category/Gear/Fitness Equipment",base,Jakker,Red,L,MS17,Mand,hej,yolotest,Hummel Sylvester Softshell Jacket,hej,hej,1,1,Taxable Goods,"Catalog, Search",75,,,,188,Meta Title,"meta1, meta2, meta5",meta description,,,,,,,,,"5/28/17, 1:20 PM","5/28/17, 1:20 PM",,,Block after Info Column,,,,,,,,,,,Use config,,1,,100,0,1,0,0,1,1,0,0,1,1,,1,0,1,1,0,1,0,0,0,111,,111,,111,,,,,,,,,,,,
299,,Default,simple,"Default Category/Gear,Default Category/Gear/Fitness Equipment",base,Jakker,Blue,S,PS17,Dame,Mangler du en smart og funktion,yolotest,Hummel Mina Softshell Jacket,Mangler du en smart og funktion,Mangler du en smart og funktion,1,1,Taxable Goods,"Catalog, Search",69,,,,189,Meta Title,"meta1, meta2, meta5",meta description,,,,,,,,,"5/28/17, 1:20 PM","5/28/17, 1:20 PM",,,Block after Info Column,,,,,,,,,,,Use config,,8,,100,0,1,0,0,1,1,0,0,1,1,,1,0,1,1,0,1,0,0,0,111,,111,,111,,,,,,,,,,,,
300,,Default,simple,"Default Category/Gear,Default Category/Gear/Fitness Equipment",base,T-shirts,Gul,M,MS17,Mand, du kldt p til sommeren? bliv det ,yolotest,Nike Sportswear Advance 15 Jacket, du kldt p til sommeren? bliv det , du kldt p til sommeren? bliv det ,1,1,Taxable Goods,"Catalog, Search",30,,,,190,Meta Title,"meta1, meta2, meta5",meta description,,,,,,,,,"5/28/17, 1:20 PM","5/28/17, 1:20 PM",,,Block after Info Column,,,,,,,,,,,Use config,,9,,100,0,1,0,0,1,1,0,0,1,1,,1,0,1,1,0,1,0,0,0,111,,111,,111,,,,,,,,,,,,
